id,player_id,type,amount,currency,status,updated_at,ingested_at,source_system
TX000001,P0082,deposit,54.90,NAD,completed,2026-09-01 00:00:00,2026-09-28 19:57:14.349961,mock_provider
TX000002,P0032,withdrawal,283.38,NAD,completed,2026-09-01 00:00:00,2026-09-28 19:57:14.349961,mock_provider
TX000003,P0087,deposit,1183.03,NAD,completed,2026-09-01 00:00:00,2026-09-28 19:57:14.349961,mock_provider
TX000004,P0004,deposit,441.18,NAD,failed,2026-09-01 00:00:00,2026-09-28 19:57:14.349961,mock_provider
TX000005,P0078,deposit,1124.68,NAD,failed,2026-09-01 00:00:00,2026-09-28 19:57:14.349961,mock_provider
TX000006,P0054,withdrawal,901.17,NAD,completed,2026-09-01 00:00:00,2026-09-28 19:57:14.349961,mock_provider
TX000007,P0104,deposit,1518.82,NAD,completed,2026-09-01 00:00:00,2026-09-28 19:57:14.349961,mock_provider
TX000008,P0090,win,683.80,NAD,completed,2026-09-01 00:00:00,2026-09-28 19:57:14.349961,mock_provider
TX000009,P0028,bet,208.91,NAD,pending,2026-09-01 00:00:00,2026-09-28 19:57:14.349961,mock_provider
TX000010,P0013,bet,1695.75,NAD,failed,2026-09-01 00:07:00,2026-09-28 19:57:14.349961,mock_provider
TX000011,P0034,deposit,1460.81,NAD,failed,2026-09-01 00:07:00,2026-09-28 19:57:14.349961,mock_provider
TX000012,P0016,win,162.21,NAD,completed,2026-09-01 00:07:00,2026-09-28 19:57:14.349961,mock_provider
TX000013,P0107,bet,1156.82,NAD,completed,2026-09-01 00:07:00,2026-09-28 19:57:14.349961,mock_provider
TX000014,P0006,withdrawal,1547.27,NAD,completed,2026-09-01 00:07:00,2026-09-28 19:57:14.349961,mock_provider
TX000015,P0110,withdrawal,1733.63,NAD,pending,2026-09-01 00:07:00,2026-09-28 19:57:14.349961,mock_provider
TX000016,P0036,win,1273.19,NAD,completed,2026-09-01 00:07:00,2026-09-28 19:57:14.349961,mock_provider
TX000017,P0021,bet,713.77,NAD,completed,2026-09-01 00:07:00,2026-09-28 19:57:14.349961,mock_provider
TX000018,P0090,deposit,1220.22,NAD,completed,2026-09-01 00:07:00,2026-09-28 19:57:14.349961,mock_provider
TX000019,P0069,withdrawal,330.99,NAD,pending,2026-09-01 00:07:00,2026-09-28 19:57:14.349961,mock_provider
TX000020,P0035,withdrawal,1370.81,NAD,completed,2026-09-01 00:14:00,2026-09-28 19:57:14.349961,mock_provider
TX000021,P0030,deposit,1611.07,NAD,pending,2026-09-01 00:14:00,2026-09-28 19:57:14.349961,mock_provider
TX000022,P0035,deposit,425.91,NAD,failed,2026-09-01 00:14:00,2026-09-28 19:57:14.349961,mock_provider
TX000023,P0113,bet,429.19,NAD,pending,2026-09-01 00:14:00,2026-09-28 19:57:14.349961,mock_provider
TX000024,P0051,win,290.03,NAD,completed,2026-09-01 00:14:00,2026-09-28 19:57:14.349961,mock_provider
TX000025,P0032,bet,1495.29,NAD,pending,2026-09-01 00:14:00,2026-09-28 19:57:14.349961,mock_provider
TX000026,P0115,win,727.18,NAD,completed,2026-09-01 00:14:00,2026-09-28 19:57:14.349961,mock_provider
TX000027,P0066,win,186.36,NAD,completed,2026-09-01 00:14:00,2026-09-28 19:57:14.349961,mock_provider
TX000028,P0111,deposit,309.92,NAD,completed,2026-09-01 00:14:00,2026-09-28 19:57:14.349961,mock_provider
TX000029,P0102,win,1194.84,NAD,pending,2026-09-01 00:14:00,2026-09-28 19:57:14.349961,mock_provider
TX000030,P0049,win,1060.58,NAD,failed,2026-09-01 00:21:00,2026-09-28 19:57:14.349961,mock_provider
TX000031,P0111,deposit,1362.17,NAD,completed,2026-09-01 00:21:00,2026-09-28 19:57:14.349961,mock_provider
TX000032,P0088,bet,1538.35,NAD,completed,2026-09-01 00:21:00,2026-09-28 19:57:14.349961,mock_provider
TX000033,P0015,bet,872.36,NAD,pending,2026-09-01 00:21:00,2026-09-28 19:57:14.349961,mock_provider
TX000034,P0001,bet,1943.92,NAD,completed,2026-09-01 00:21:00,2026-09-28 19:57:14.349961,mock_provider
TX000035,P0065,deposit,1741.68,NAD,completed,2026-09-01 00:21:00,2026-09-28 19:57:14.349961,mock_provider
TX000036,P0108,withdrawal,309.91,NAD,completed,2026-09-01 00:21:00,2026-09-28 19:57:14.349961,mock_provider
TX000037,P0070,deposit,1199.89,NAD,pending,2026-09-01 00:21:00,2026-09-28 19:57:14.349961,mock_provider
TX000038,P0003,deposit,1858.55,NAD,completed,2026-09-01 00:21:00,2026-09-28 19:57:14.349961,mock_provider
TX000039,P0031,deposit,485.54,NAD,completed,2026-09-04 00:03:00,2026-09-28 19:57:20.088707,mock_provider
TX000040,P0011,deposit,1465.16,NAD,completed,2026-09-01 00:28:00,2026-09-28 19:57:14.349961,mock_provider
TX000041,P0098,withdrawal,261.14,NAD,pending,2026-09-01 00:28:00,2026-09-28 19:57:14.349961,mock_provider
TX000042,P0071,withdrawal,533.79,NAD,failed,2026-09-01 00:28:00,2026-09-28 19:57:14.349961,mock_provider
TX000043,P0055,withdrawal,1858.18,NAD,completed,2026-09-01 00:28:00,2026-09-28 19:57:14.349961,mock_provider
TX000044,P0092,bet,800.99,NAD,completed,2026-09-01 00:28:00,2026-09-28 19:57:14.349961,mock_provider
TX000045,P0057,win,246.40,NAD,completed,2026-09-01 00:28:00,2026-09-28 19:57:14.349961,mock_provider
TX000046,P0009,bet,46.96,NAD,failed,2026-09-01 00:28:00,2026-09-28 19:57:14.349961,mock_provider
TX000047,P0030,withdrawal,19.35,NAD,completed,2026-09-01 00:28:00,2026-09-28 19:57:14.349961,mock_provider
TX000048,P0030,deposit,1811.31,NAD,reversed,2026-09-04 00:09:00,2026-09-28 19:57:20.088707,mock_provider
TX000049,P0010,withdrawal,560.56,NAD,pending,2026-09-01 00:28:00,2026-09-28 19:57:14.349961,mock_provider
TX000050,P0028,withdrawal,1448.09,NAD,completed,2026-09-04 00:01:00,2026-09-28 19:57:20.088707,mock_provider
TX000051,P0074,win,489.78,NAD,completed,2026-09-04 00:08:00,2026-09-28 19:57:20.088707,mock_provider
TX000052,P0104,win,384.87,NAD,completed,2026-09-01 00:35:00,2026-09-28 19:57:16.562722,mock_provider
TX000053,P0085,win,711.82,NAD,pending,2026-09-01 00:35:00,2026-09-28 19:57:16.562722,mock_provider
TX000054,P0060,deposit,1348.36,NAD,completed,2026-09-01 00:35:00,2026-09-28 19:57:16.562722,mock_provider
TX000055,P0008,win,1457.79,NAD,completed,2026-09-01 00:35:00,2026-09-28 19:57:16.562722,mock_provider
TX000056,P0032,withdrawal,384.47,NAD,pending,2026-09-01 00:35:00,2026-09-28 19:57:16.562722,mock_provider
TX000057,P0018,win,371.06,NAD,pending,2026-09-01 00:35:00,2026-09-28 19:57:16.562722,mock_provider
TX000058,P0032,deposit,889.05,NAD,failed,2026-09-01 00:35:00,2026-09-28 19:57:16.562722,mock_provider
TX000059,P0013,deposit,1306.03,NAD,failed,2026-09-01 00:35:00,2026-09-28 19:57:16.562722,mock_provider
TX000060,P0108,deposit,1938.15,NAD,reversed,2026-09-04 00:02:00,2026-09-28 19:57:20.088707,mock_provider
TX000061,P0022,win,973.85,NAD,completed,2026-09-04 00:05:00,2026-09-28 19:57:20.088707,mock_provider
TX000062,P0111,win,1805.37,NAD,completed,2026-09-01 00:42:00,2026-09-28 19:57:16.562722,mock_provider
TX000063,P0049,deposit,1970.69,NAD,completed,2026-09-01 00:42:00,2026-09-28 19:57:16.562722,mock_provider
TX000064,P0119,win,574.07,NAD,reversed,2026-09-04 00:07:00,2026-09-28 19:57:20.088707,mock_provider
TX000065,P0085,win,313.82,NAD,completed,2026-09-01 00:42:00,2026-09-28 19:57:16.562722,mock_provider
TX000066,P0028,deposit,1160.46,NAD,failed,2026-09-01 00:42:00,2026-09-28 19:57:16.562722,mock_provider
TX000067,P0008,bet,119.04,NAD,failed,2026-09-01 00:42:00,2026-09-28 19:57:16.562722,mock_provider
TX000068,P0062,withdrawal,118.47,NAD,failed,2026-09-01 00:42:00,2026-09-28 19:57:16.562722,mock_provider
TX000069,P0011,withdrawal,141.70,NAD,completed,2026-09-01 00:42:00,2026-09-28 19:57:16.562722,mock_provider
TX000070,P0087,withdrawal,810.53,NAD,failed,2026-09-01 00:49:00,2026-09-28 19:57:16.562722,mock_provider
TX000071,P0032,deposit,1240.67,NAD,pending,2026-09-01 00:49:00,2026-09-28 19:57:16.562722,mock_provider
TX000072,P0085,bet,1869.74,NAD,reversed,2026-09-04 00:04:00,2026-09-28 19:57:20.088707,mock_provider
TX000073,P0086,bet,481.18,NAD,pending,2026-09-01 00:49:00,2026-09-28 19:57:16.562722,mock_provider
TX000074,P0017,bet,917.16,NAD,completed,2026-09-01 00:49:00,2026-09-28 19:57:16.562722,mock_provider
TX000075,P0002,win,1244.21,NAD,reversed,2026-09-04 00:01:00,2026-09-28 19:57:20.088707,mock_provider
TX000076,P0013,deposit,1077.58,NAD,failed,2026-09-01 00:49:00,2026-09-28 19:57:16.562722,mock_provider
TX000077,P0034,withdrawal,1866.85,NAD,completed,2026-09-01 00:49:00,2026-09-28 19:57:16.562722,mock_provider
TX000078,P0113,withdrawal,742.21,NAD,completed,2026-09-01 00:49:00,2026-09-28 19:57:16.562722,mock_provider
TX000079,P0057,bet,1225.30,NAD,failed,2026-09-01 00:49:00,2026-09-28 19:57:16.562722,mock_provider
TX000080,P0002,bet,1863.85,NAD,completed,2026-09-01 00:56:00,2026-09-28 19:57:16.562722,mock_provider
TX000081,P0113,withdrawal,532.61,NAD,completed,2026-09-01 00:56:00,2026-09-28 19:57:16.562722,mock_provider
TX000082,P0096,withdrawal,548.33,NAD,failed,2026-09-01 00:56:00,2026-09-28 19:57:16.562722,mock_provider
TX000083,P0027,bet,411.18,NAD,completed,2026-09-01 00:56:00,2026-09-28 19:57:16.562722,mock_provider
TX000084,P0065,win,505.99,NAD,completed,2026-09-01 00:56:00,2026-09-28 19:57:16.562722,mock_provider
TX000085,P0012,win,1659.55,NAD,completed,2026-09-01 00:56:00,2026-09-28 19:57:16.562722,mock_provider
TX000086,P0001,bet,1543.38,NAD,completed,2026-09-01 00:56:00,2026-09-28 19:57:16.562722,mock_provider
TX000087,P0021,win,1105.60,NAD,pending,2026-09-01 00:56:00,2026-09-28 19:57:16.562722,mock_provider
TX000088,P0072,deposit,228.19,NAD,completed,2026-09-01 00:56:00,2026-09-28 19:57:16.562722,mock_provider
TX000089,P0070,deposit,1670.02,NAD,failed,2026-09-04 00:03:00,2026-09-28 19:57:20.088707,mock_provider
TX000090,P0071,withdrawal,862.42,NAD,completed,2026-09-01 01:03:00,2026-09-28 19:57:16.562722,mock_provider
TX000091,P0040,bet,1798.47,NAD,completed,2026-09-01 01:03:00,2026-09-28 19:57:16.562722,mock_provider
TX000092,P0116,bet,424.10,NAD,completed,2026-09-01 01:03:00,2026-09-28 19:57:16.562722,mock_provider
TX000093,P0086,deposit,710.59,NAD,reversed,2026-09-04 00:05:00,2026-09-28 19:57:20.088707,mock_provider
TX000094,P0114,win,1947.80,NAD,completed,2026-09-01 01:03:00,2026-09-28 19:57:16.562722,mock_provider
TX000095,P0119,withdrawal,1729.89,NAD,completed,2026-09-01 01:03:00,2026-09-28 19:57:16.562722,mock_provider
TX000096,P0113,win,54.45,NAD,completed,2026-09-01 01:03:00,2026-09-28 19:57:16.562722,mock_provider
TX000097,P0101,win,1605.46,NAD,reversed,2026-09-04 00:02:00,2026-09-28 19:57:20.088707,mock_provider
TX000098,P0035,withdrawal,1575.81,NAD,completed,2026-09-01 01:03:00,2026-09-28 19:57:16.562722,mock_provider
TX000099,P0049,deposit,1717.89,NAD,completed,2026-09-01 01:03:00,2026-09-28 19:57:16.562722,mock_provider
TX000100,P0026,win,702.57,NAD,completed,2026-09-01 01:10:00,2026-09-28 19:57:16.562722,mock_provider
TX000101,P0029,deposit,1321.77,NAD,pending,2026-09-01 01:10:00,2026-09-28 19:57:16.562722,mock_provider
TX000102,P0043,bet,1729.38,NAD,completed,2026-09-01 01:10:00,2026-09-28 19:57:16.562722,mock_provider
TX000103,P0045,win,1360.64,NAD,failed,2026-09-01 01:10:00,2026-09-28 19:57:16.562722,mock_provider
TX000104,P0043,deposit,235.11,NAD,completed,2026-09-01 01:10:00,2026-09-28 19:57:16.562722,mock_provider
TX000105,P0023,bet,81.32,NAD,failed,2026-09-01 01:10:00,2026-09-28 19:57:16.562722,mock_provider
TX000106,P0056,bet,1458.45,NAD,completed,2026-09-01 01:10:00,2026-09-28 19:57:16.562722,mock_provider
TX000107,P0056,deposit,773.46,NAD,failed,2026-09-01 01:10:00,2026-09-28 19:57:16.562722,mock_provider
TX000108,P0025,bet,93.55,NAD,pending,2026-09-01 01:10:00,2026-09-28 19:57:16.562722,mock_provider
TX000109,P0001,withdrawal,731.62,NAD,completed,2026-09-01 01:10:00,2026-09-28 19:57:16.562722,mock_provider
TX000110,P0086,bet,1248.20,NAD,completed,2026-09-01 01:17:00,2026-09-28 19:57:16.562722,mock_provider
TX000111,P0093,bet,1016.71,NAD,pending,2026-09-01 01:17:00,2026-09-28 19:57:16.562722,mock_provider
TX000112,P0042,win,1395.93,NAD,failed,2026-09-01 01:17:00,2026-09-28 19:57:16.562722,mock_provider
TX000113,P0017,withdrawal,843.79,NAD,pending,2026-09-01 01:17:00,2026-09-28 19:57:16.562722,mock_provider
TX000114,P0087,withdrawal,1232.95,NAD,completed,2026-09-01 01:17:00,2026-09-28 19:57:16.562722,mock_provider
TX000115,P0052,deposit,611.23,NAD,completed,2026-09-01 01:17:00,2026-09-28 19:57:16.562722,mock_provider
TX000116,P0056,bet,932.65,NAD,pending,2026-09-01 01:17:00,2026-09-28 19:57:16.562722,mock_provider
TX000117,P0087,withdrawal,1024.79,NAD,completed,2026-09-01 01:17:00,2026-09-28 19:57:16.562722,mock_provider
TX000118,P0085,deposit,571.15,NAD,failed,2026-09-01 01:17:00,2026-09-28 19:57:16.562722,mock_provider
TX000119,P0043,deposit,1637.75,NAD,completed,2026-09-01 01:17:00,2026-09-28 19:57:16.562722,mock_provider
TX000120,P0087,bet,453.16,NAD,completed,2026-09-01 01:24:00,2026-09-28 19:57:16.562722,mock_provider
TX000121,P0019,deposit,97.20,NAD,pending,2026-09-01 01:24:00,2026-09-28 19:57:16.562722,mock_provider
TX000122,P0079,deposit,913.56,NAD,failed,2026-09-01 01:24:00,2026-09-28 19:57:16.562722,mock_provider
TX000123,P0025,win,991.28,NAD,completed,2026-09-01 01:24:00,2026-09-28 19:57:16.562722,mock_provider
TX000124,P0019,deposit,1785.86,NAD,completed,2026-09-01 01:24:00,2026-09-28 19:57:16.562722,mock_provider
TX000125,P0100,win,441.59,NAD,failed,2026-09-01 01:24:00,2026-09-28 19:57:16.562722,mock_provider
TX000126,P0060,deposit,1117.02,NAD,completed,2026-09-01 01:24:00,2026-09-28 19:57:16.562722,mock_provider
TX000127,P0059,withdrawal,1603.83,NAD,reversed,2026-09-04 00:06:00,2026-09-28 19:57:20.088707,mock_provider
TX000128,P0072,bet,1900.33,NAD,pending,2026-09-01 01:24:00,2026-09-28 19:57:16.562722,mock_provider
TX000129,P0079,win,1661.99,NAD,failed,2026-09-01 01:24:00,2026-09-28 19:57:16.562722,mock_provider
TX000130,P0058,withdrawal,1488.59,NAD,pending,2026-09-01 01:31:00,2026-09-28 19:57:16.562722,mock_provider
TX000131,P0058,bet,1504.79,NAD,completed,2026-09-01 01:31:00,2026-09-28 19:57:16.562722,mock_provider
TX000132,P0099,win,1255.36,NAD,completed,2026-09-01 01:31:00,2026-09-28 19:57:16.562722,mock_provider
TX000133,P0057,deposit,1428.52,NAD,completed,2026-09-01 01:31:00,2026-09-28 19:57:16.562722,mock_provider
TX000134,P0035,bet,642.82,NAD,failed,2026-09-01 01:31:00,2026-09-28 19:57:16.562722,mock_provider
TX000135,P0011,withdrawal,305.91,NAD,pending,2026-09-01 01:31:00,2026-09-28 19:57:16.562722,mock_provider
TX000136,P0089,withdrawal,1414.31,NAD,completed,2026-09-01 01:31:00,2026-09-28 19:57:16.562722,mock_provider
TX000137,P0054,win,665.11,NAD,reversed,2026-09-04 00:09:00,2026-09-28 19:57:20.088707,mock_provider
TX000138,P0054,deposit,417.63,NAD,pending,2026-09-01 01:31:00,2026-09-28 19:57:16.562722,mock_provider
TX000139,P0050,deposit,1714.18,NAD,failed,2026-09-01 01:31:00,2026-09-28 19:57:16.562722,mock_provider
TX000140,P0049,win,16.76,NAD,completed,2026-09-01 01:38:00,2026-09-28 19:57:16.562722,mock_provider
TX000141,P0039,win,1707.63,NAD,pending,2026-09-01 01:38:00,2026-09-28 19:57:16.562722,mock_provider
TX000142,P0069,withdrawal,979.02,NAD,completed,2026-09-01 01:38:00,2026-09-28 19:57:16.562722,mock_provider
TX000143,P0056,win,62.90,NAD,completed,2026-09-01 01:38:00,2026-09-28 19:57:16.562722,mock_provider
TX000144,P0086,win,1449.74,NAD,pending,2026-09-01 01:38:00,2026-09-28 19:57:16.562722,mock_provider
TX000145,P0118,withdrawal,1961.54,NAD,failed,2026-09-01 01:38:00,2026-09-28 19:57:16.562722,mock_provider
TX000146,P0004,win,1185.83,NAD,completed,2026-09-01 01:38:00,2026-09-28 19:57:16.562722,mock_provider
TX000147,P0011,win,275.72,NAD,pending,2026-09-01 01:38:00,2026-09-28 19:57:16.562722,mock_provider
TX000148,P0024,deposit,524.01,NAD,completed,2026-09-01 01:38:00,2026-09-28 19:57:16.562722,mock_provider
TX000149,P0028,win,657.06,NAD,pending,2026-09-01 01:38:00,2026-09-28 19:57:16.562722,mock_provider
TX000150,P0036,win,508.28,NAD,completed,2026-09-01 01:45:00,2026-09-28 19:57:16.562722,mock_provider
TX000151,P0061,deposit,1499.30,NAD,completed,2026-09-01 01:45:00,2026-09-28 19:57:16.562722,mock_provider
TX000152,P0045,withdrawal,1302.04,NAD,completed,2026-09-01 01:45:00,2026-09-28 19:57:16.562722,mock_provider
TX000153,P0097,deposit,1899.48,NAD,completed,2026-09-01 01:45:00,2026-09-28 19:57:16.562722,mock_provider
TX000154,P0108,deposit,1244.56,NAD,completed,2026-09-01 01:45:00,2026-09-28 19:57:16.562722,mock_provider
TX000155,P0017,win,1340.57,NAD,failed,2026-09-04 00:00:00,2026-09-28 19:57:20.088707,mock_provider
TX000156,P0028,win,1400.43,NAD,completed,2026-09-01 01:45:00,2026-09-28 19:57:16.562722,mock_provider
TX000157,P0022,deposit,1556.69,NAD,completed,2026-09-01 01:45:00,2026-09-28 19:57:16.562722,mock_provider
TX000158,P0040,deposit,1159.48,NAD,completed,2026-09-01 01:45:00,2026-09-28 19:57:16.562722,mock_provider
TX000159,P0074,win,796.33,NAD,completed,2026-09-01 01:45:00,2026-09-28 19:57:16.562722,mock_provider
TX000160,P0010,withdrawal,208.29,NAD,completed,2026-09-01 01:52:00,2026-09-28 19:57:16.562722,mock_provider
TX000161,P0109,deposit,1593.47,NAD,failed,2026-09-01 01:52:00,2026-09-28 19:57:16.562722,mock_provider
TX000162,P0101,deposit,697.67,NAD,pending,2026-09-01 01:52:00,2026-09-28 19:57:16.562722,mock_provider
TX000163,P0085,bet,142.57,NAD,completed,2026-09-01 01:52:00,2026-09-28 19:57:16.562722,mock_provider
TX000164,P0002,win,1645.55,NAD,completed,2026-09-01 01:52:00,2026-09-28 19:57:16.562722,mock_provider
TX000165,P0056,bet,1272.99,NAD,pending,2026-09-01 01:52:00,2026-09-28 19:57:16.562722,mock_provider
TX000166,P0091,withdrawal,873.80,NAD,failed,2026-09-01 01:52:00,2026-09-28 19:57:16.562722,mock_provider
TX000167,P0084,bet,1233.75,NAD,failed,2026-09-01 01:52:00,2026-09-28 19:57:16.562722,mock_provider
TX000168,P0100,win,932.42,NAD,failed,2026-09-01 01:52:00,2026-09-28 19:57:16.562722,mock_provider
TX000169,P0035,bet,1704.17,NAD,completed,2026-09-01 01:52:00,2026-09-28 19:57:16.562722,mock_provider
TX000170,P0036,win,491.51,NAD,pending,2026-09-01 01:59:00,2026-09-28 19:57:16.562722,mock_provider
TX000171,P0073,win,676.11,NAD,pending,2026-09-01 01:59:00,2026-09-28 19:57:16.562722,mock_provider
TX000172,P0109,bet,367.77,NAD,completed,2026-09-01 01:59:00,2026-09-28 19:57:16.562722,mock_provider
TX000173,P0046,bet,683.98,NAD,failed,2026-09-01 01:59:00,2026-09-28 19:57:16.562722,mock_provider
TX000174,P0090,bet,1113.80,NAD,failed,2026-09-01 01:59:00,2026-09-28 19:57:16.562722,mock_provider
TX000175,P0025,deposit,486.51,NAD,pending,2026-09-01 01:59:00,2026-09-28 19:57:16.562722,mock_provider
TX000176,P0063,withdrawal,1382.77,NAD,pending,2026-09-01 01:59:00,2026-09-28 19:57:16.562722,mock_provider
TX000177,P0058,deposit,190.64,NAD,completed,2026-09-01 01:59:00,2026-09-28 19:57:16.562722,mock_provider
TX000178,P0052,withdrawal,615.88,NAD,failed,2026-09-01 01:59:00,2026-09-28 19:57:16.562722,mock_provider
TX000179,P0048,win,1109.18,NAD,completed,2026-09-01 01:59:00,2026-09-28 19:57:16.562722,mock_provider
TX000180,P0055,bet,706.86,NAD,pending,2026-09-01 02:06:00,2026-09-28 19:57:16.562722,mock_provider
TX000181,P0035,bet,506.55,NAD,completed,2026-09-01 02:06:00,2026-09-28 19:57:16.562722,mock_provider
TX000182,P0093,withdrawal,634.52,NAD,failed,2026-09-01 02:06:00,2026-09-28 19:57:16.562722,mock_provider
TX000183,P0098,withdrawal,387.12,NAD,pending,2026-09-01 02:06:00,2026-09-28 19:57:16.562722,mock_provider
TX000184,P0036,bet,1961.12,NAD,completed,2026-09-01 02:06:00,2026-09-28 19:57:16.562722,mock_provider
TX000185,P0038,withdrawal,724.96,NAD,completed,2026-09-01 02:06:00,2026-09-28 19:57:16.562722,mock_provider
TX000186,P0002,withdrawal,552.25,NAD,completed,2026-09-01 02:06:00,2026-09-28 19:57:16.562722,mock_provider
TX000187,P0071,bet,1396.35,NAD,completed,2026-09-01 02:06:00,2026-09-28 19:57:16.562722,mock_provider
TX000188,P0082,win,209.66,NAD,completed,2026-09-01 02:06:00,2026-09-28 19:57:16.562722,mock_provider
TX000189,P0074,bet,941.45,NAD,pending,2026-09-01 02:06:00,2026-09-28 19:57:16.562722,mock_provider
TX000190,P0044,withdrawal,1931.17,NAD,completed,2026-09-01 02:13:00,2026-09-28 19:57:16.562722,mock_provider
TX000191,P0111,win,232.60,NAD,completed,2026-09-01 02:13:00,2026-09-28 19:57:16.562722,mock_provider
TX000192,P0052,win,152.79,NAD,completed,2026-09-01 02:13:00,2026-09-28 19:57:16.562722,mock_provider
TX000193,P0020,withdrawal,1623.23,NAD,completed,2026-09-01 02:13:00,2026-09-28 19:57:16.562722,mock_provider
TX000194,P0011,withdrawal,241.31,NAD,pending,2026-09-01 02:13:00,2026-09-28 19:57:16.562722,mock_provider
TX000195,P0078,withdrawal,1552.51,NAD,pending,2026-09-01 02:13:00,2026-09-28 19:57:16.562722,mock_provider
TX000196,P0058,win,598.22,NAD,failed,2026-09-01 02:13:00,2026-09-28 19:57:16.562722,mock_provider
TX000197,P0055,bet,1139.42,NAD,completed,2026-09-01 02:13:00,2026-09-28 19:57:16.562722,mock_provider
TX000198,P0079,deposit,1895.44,NAD,completed,2026-09-01 02:13:00,2026-09-28 19:57:16.562722,mock_provider
TX000199,P0081,withdrawal,532.97,NAD,completed,2026-09-01 02:13:00,2026-09-28 19:57:16.562722,mock_provider
TX000200,P0021,withdrawal,351.76,NAD,completed,2026-09-01 02:20:00,2026-09-28 19:57:16.562722,mock_provider
TX000201,P0021,deposit,819.99,NAD,failed,2026-09-01 02:20:00,2026-09-28 19:57:16.562722,mock_provider
TX000202,P0061,bet,70.12,NAD,completed,2026-09-01 02:20:00,2026-09-28 19:57:16.562722,mock_provider
TX000203,P0091,bet,1407.46,NAD,pending,2026-09-01 02:20:00,2026-09-28 19:57:16.562722,mock_provider
TX000204,P0010,withdrawal,1848.20,NAD,failed,2026-09-01 02:20:00,2026-09-28 19:57:16.562722,mock_provider
TX000205,P0085,withdrawal,853.15,NAD,failed,2026-09-01 02:20:00,2026-09-28 19:57:16.562722,mock_provider
TX000206,P0029,withdrawal,1817.28,NAD,completed,2026-09-01 02:20:00,2026-09-28 19:57:16.562722,mock_provider
TX000207,P0010,deposit,336.02,NAD,completed,2026-09-01 02:20:00,2026-09-28 19:57:16.562722,mock_provider
TX000208,P0077,bet,881.11,NAD,pending,2026-09-01 02:20:00,2026-09-28 19:57:16.562722,mock_provider
TX000209,P0089,bet,1400.97,NAD,completed,2026-09-01 02:20:00,2026-09-28 19:57:16.562722,mock_provider
TX000210,P0065,win,878.33,NAD,failed,2026-09-01 02:27:00,2026-09-28 19:57:16.562722,mock_provider
TX000211,P0006,win,1470.40,NAD,failed,2026-09-01 02:27:00,2026-09-28 19:57:16.562722,mock_provider
TX000212,P0033,deposit,187.20,NAD,failed,2026-09-01 02:27:00,2026-09-28 19:57:16.562722,mock_provider
TX000213,P0076,deposit,1999.15,NAD,completed,2026-09-01 02:27:00,2026-09-28 19:57:16.562722,mock_provider
TX000214,P0074,deposit,1527.40,NAD,completed,2026-09-01 02:27:00,2026-09-28 19:57:16.562722,mock_provider
TX000215,P0061,win,1832.57,NAD,completed,2026-09-01 02:27:00,2026-09-28 19:57:16.562722,mock_provider
TX000216,P0075,win,1271.40,NAD,pending,2026-09-01 02:27:00,2026-09-28 19:57:16.562722,mock_provider
TX000217,P0012,win,699.18,NAD,completed,2026-09-01 02:27:00,2026-09-28 19:57:16.562722,mock_provider
TX000218,P0042,deposit,1716.18,NAD,completed,2026-09-01 02:27:00,2026-09-28 19:57:16.562722,mock_provider
TX000219,P0053,win,579.99,NAD,pending,2026-09-01 02:27:00,2026-09-28 19:57:16.562722,mock_provider
TX000220,P0105,deposit,912.38,NAD,reversed,2026-09-04 00:03:00,2026-09-28 19:57:20.088707,mock_provider
TX000221,P0033,bet,236.26,NAD,pending,2026-09-01 02:34:00,2026-09-28 19:57:16.562722,mock_provider
TX000222,P0111,deposit,1317.03,NAD,failed,2026-09-01 02:34:00,2026-09-28 19:57:16.562722,mock_provider
TX000223,P0060,win,113.14,NAD,failed,2026-09-01 02:34:00,2026-09-28 19:57:16.562722,mock_provider
TX000224,P0047,win,1252.69,NAD,completed,2026-09-01 02:34:00,2026-09-28 19:57:16.562722,mock_provider
TX000225,P0027,bet,1100.69,NAD,completed,2026-09-01 02:34:00,2026-09-28 19:57:16.562722,mock_provider
TX000226,P0057,win,247.25,NAD,failed,2026-09-01 02:34:00,2026-09-28 19:57:16.562722,mock_provider
TX000227,P0103,withdrawal,1421.02,NAD,completed,2026-09-04 00:08:00,2026-09-28 19:57:20.088707,mock_provider
TX000228,P0071,deposit,1106.74,NAD,completed,2026-09-01 02:34:00,2026-09-28 19:57:16.562722,mock_provider
TX000229,P0029,deposit,925.59,NAD,failed,2026-09-04 00:06:00,2026-09-28 19:57:20.088707,mock_provider
TX000230,P0083,withdrawal,999.26,NAD,completed,2026-09-01 02:41:00,2026-09-28 19:57:16.562722,mock_provider
TX000231,P0066,bet,833.90,NAD,pending,2026-09-01 02:41:00,2026-09-28 19:57:16.562722,mock_provider
TX000232,P0061,withdrawal,916.29,NAD,completed,2026-09-01 02:41:00,2026-09-28 19:57:16.562722,mock_provider
TX000233,P0050,withdrawal,1844.13,NAD,failed,2026-09-01 02:41:00,2026-09-28 19:57:16.562722,mock_provider
TX000234,P0096,withdrawal,1728.73,NAD,completed,2026-09-01 02:41:00,2026-09-28 19:57:16.562722,mock_provider
TX000235,P0099,win,683.05,NAD,failed,2026-09-01 02:41:00,2026-09-28 19:57:16.562722,mock_provider
TX000236,P0035,deposit,569.26,NAD,completed,2026-09-01 02:41:00,2026-09-28 19:57:16.562722,mock_provider
TX000237,P0108,win,1731.19,NAD,pending,2026-09-01 02:41:00,2026-09-28 19:57:16.562722,mock_provider
TX000238,P0069,win,693.52,NAD,failed,2026-09-01 02:41:00,2026-09-28 19:57:16.562722,mock_provider
TX000239,P0098,win,913.41,NAD,completed,2026-09-01 02:41:00,2026-09-28 19:57:16.562722,mock_provider
TX000240,P0112,withdrawal,1961.65,NAD,completed,2026-09-01 02:48:00,2026-09-28 19:57:16.562722,mock_provider
TX000241,P0074,win,470.96,NAD,pending,2026-09-01 02:48:00,2026-09-28 19:57:16.562722,mock_provider
TX000242,P0006,bet,1490.69,NAD,pending,2026-09-01 02:48:00,2026-09-28 19:57:16.562722,mock_provider
TX000243,P0050,withdrawal,993.18,NAD,completed,2026-09-01 02:48:00,2026-09-28 19:57:16.562722,mock_provider
TX000244,P0017,bet,1740.05,NAD,pending,2026-09-01 02:48:00,2026-09-28 19:57:16.562722,mock_provider
TX000245,P0013,win,35.62,NAD,completed,2026-09-01 02:48:00,2026-09-28 19:57:16.562722,mock_provider
TX000246,P0053,withdrawal,154.28,NAD,completed,2026-09-01 02:48:00,2026-09-28 19:57:16.562722,mock_provider
TX000247,P0044,win,1301.42,NAD,completed,2026-09-04 00:04:00,2026-09-28 19:57:20.088707,mock_provider
TX000248,P0110,win,1908.51,NAD,pending,2026-09-01 02:48:00,2026-09-28 19:57:16.562722,mock_provider
TX000249,P0112,deposit,1236.83,NAD,completed,2026-09-01 02:48:00,2026-09-28 19:57:16.562722,mock_provider
TX000250,P0081,bet,1994.86,NAD,completed,2026-09-01 02:55:00,2026-09-28 19:57:16.576793,mock_provider
TX000251,P0056,deposit,1521.94,NAD,completed,2026-09-01 02:55:00,2026-09-28 19:57:16.576793,mock_provider
TX000252,P0057,withdrawal,1389.53,NAD,completed,2026-09-01 02:55:00,2026-09-28 19:57:16.576793,mock_provider
TX000253,P0006,bet,1593.31,NAD,completed,2026-09-01 02:55:00,2026-09-28 19:57:16.576793,mock_provider
TX000254,P0046,bet,864.22,NAD,completed,2026-09-01 02:55:00,2026-09-28 19:57:16.576793,mock_provider
TX000255,P0068,win,1134.03,NAD,completed,2026-09-01 02:55:00,2026-09-28 19:57:16.576793,mock_provider
TX000256,P0022,withdrawal,162.54,NAD,pending,2026-09-01 02:55:00,2026-09-28 19:57:16.576793,mock_provider
TX000257,P0080,withdrawal,997.85,NAD,failed,2026-09-01 02:55:00,2026-09-28 19:57:16.576793,mock_provider
TX000258,P0019,withdrawal,924.99,NAD,completed,2026-09-01 02:55:00,2026-09-28 19:57:16.576793,mock_provider
TX000259,P0059,bet,1335.35,NAD,pending,2026-09-01 02:55:00,2026-09-28 19:57:16.576793,mock_provider
TX000260,P0116,bet,1356.83,NAD,completed,2026-09-01 03:02:00,2026-09-28 19:57:16.576793,mock_provider
TX000261,P0010,win,1890.75,NAD,failed,2026-09-01 03:02:00,2026-09-28 19:57:16.576793,mock_provider
TX000262,P0039,win,1382.18,NAD,pending,2026-09-01 03:02:00,2026-09-28 19:57:16.576793,mock_provider
TX000263,P0109,bet,402.44,NAD,pending,2026-09-01 03:02:00,2026-09-28 19:57:16.576793,mock_provider
TX000264,P0110,win,217.77,NAD,pending,2026-09-01 03:02:00,2026-09-28 19:57:16.576793,mock_provider
TX000265,P0074,bet,1151.75,NAD,completed,2026-09-01 03:02:00,2026-09-28 19:57:16.576793,mock_provider
TX000266,P0003,win,552.59,NAD,failed,2026-09-01 03:02:00,2026-09-28 19:57:16.576793,mock_provider
TX000267,P0111,deposit,1821.68,NAD,pending,2026-09-01 03:02:00,2026-09-28 19:57:16.576793,mock_provider
TX000268,P0107,bet,1552.60,NAD,completed,2026-09-01 03:02:00,2026-09-28 19:57:16.576793,mock_provider
TX000269,P0078,bet,441.91,NAD,completed,2026-09-01 03:02:00,2026-09-28 19:57:16.576793,mock_provider
TX000270,P0080,bet,1357.14,NAD,completed,2026-09-01 03:09:00,2026-09-28 19:57:16.576793,mock_provider
TX000271,P0081,deposit,1807.29,NAD,completed,2026-09-01 03:09:00,2026-09-28 19:57:16.576793,mock_provider
TX000272,P0040,win,71.56,NAD,completed,2026-09-01 03:09:00,2026-09-28 19:57:16.576793,mock_provider
TX000273,P0094,withdrawal,184.82,NAD,completed,2026-09-01 03:09:00,2026-09-28 19:57:16.576793,mock_provider
TX000274,P0042,win,355.40,NAD,completed,2026-09-01 03:09:00,2026-09-28 19:57:16.576793,mock_provider
TX000275,P0101,bet,1064.05,NAD,completed,2026-09-01 03:09:00,2026-09-28 19:57:16.576793,mock_provider
TX000276,P0107,withdrawal,517.66,NAD,pending,2026-09-01 03:09:00,2026-09-28 19:57:16.576793,mock_provider
TX000277,P0104,bet,1494.39,NAD,completed,2026-09-01 03:09:00,2026-09-28 19:57:16.576793,mock_provider
TX000278,P0103,deposit,939.32,NAD,completed,2026-09-01 03:09:00,2026-09-28 19:57:16.576793,mock_provider
TX000279,P0019,withdrawal,1720.98,NAD,pending,2026-09-01 03:09:00,2026-09-28 19:57:16.576793,mock_provider
TX000280,P0109,bet,185.15,NAD,pending,2026-09-01 03:16:00,2026-09-28 19:57:16.576793,mock_provider
TX000281,P0002,bet,1075.46,NAD,pending,2026-09-01 03:16:00,2026-09-28 19:57:16.576793,mock_provider
TX000282,P0048,bet,1171.20,NAD,completed,2026-09-01 03:16:00,2026-09-28 19:57:16.576793,mock_provider
TX000283,P0014,withdrawal,945.60,NAD,failed,2026-09-01 03:16:00,2026-09-28 19:57:16.576793,mock_provider
TX000284,P0114,bet,1830.94,NAD,completed,2026-09-01 03:16:00,2026-09-28 19:57:16.576793,mock_provider
TX000285,P0083,deposit,1272.63,NAD,pending,2026-09-01 03:16:00,2026-09-28 19:57:16.576793,mock_provider
TX000286,P0117,bet,1300.23,NAD,completed,2026-09-01 03:16:00,2026-09-28 19:57:16.576793,mock_provider
TX000287,P0018,deposit,1892.79,NAD,completed,2026-09-01 03:16:00,2026-09-28 19:57:16.576793,mock_provider
TX000288,P0064,deposit,198.90,NAD,failed,2026-09-01 03:16:00,2026-09-28 19:57:16.576793,mock_provider
TX000289,P0018,win,910.02,NAD,failed,2026-09-01 03:16:00,2026-09-28 19:57:16.576793,mock_provider
TX000290,P0054,withdrawal,1771.40,NAD,completed,2026-09-01 03:23:00,2026-09-28 19:57:16.576793,mock_provider
TX000291,P0107,win,1233.23,NAD,completed,2026-09-01 03:23:00,2026-09-28 19:57:16.576793,mock_provider
TX000292,P0005,bet,438.45,NAD,pending,2026-09-01 03:23:00,2026-09-28 19:57:16.576793,mock_provider
TX000293,P0031,bet,203.21,NAD,completed,2026-09-01 03:23:00,2026-09-28 19:57:16.576793,mock_provider
TX000294,P0070,bet,125.80,NAD,completed,2026-09-01 03:23:00,2026-09-28 19:57:16.576793,mock_provider
TX000295,P0025,deposit,1898.28,NAD,pending,2026-09-01 03:23:00,2026-09-28 19:57:16.576793,mock_provider
TX000296,P0012,withdrawal,1285.20,NAD,failed,2026-09-01 03:23:00,2026-09-28 19:57:16.576793,mock_provider
TX000297,P0003,deposit,1574.66,NAD,completed,2026-09-01 03:23:00,2026-09-28 19:57:16.576793,mock_provider
TX000298,P0017,withdrawal,141.88,NAD,failed,2026-09-01 03:23:00,2026-09-28 19:57:16.576793,mock_provider
TX000299,P0027,withdrawal,1627.04,NAD,completed,2026-09-01 03:23:00,2026-09-28 19:57:16.576793,mock_provider
TX000300,P0043,withdrawal,1578.34,NAD,failed,2026-09-01 03:30:00,2026-09-28 19:57:16.576793,mock_provider
TX000301,P0001,bet,1717.52,NAD,completed,2026-09-01 03:30:00,2026-09-28 19:57:16.576793,mock_provider
TX000302,P0017,bet,1598.04,NAD,completed,2026-09-01 03:30:00,2026-09-28 19:57:16.576793,mock_provider
TX000303,P0085,deposit,267.95,NAD,completed,2026-09-01 03:30:00,2026-09-28 19:57:16.576793,mock_provider
TX000304,P0102,withdrawal,1179.76,NAD,completed,2026-09-01 03:30:00,2026-09-28 19:57:16.576793,mock_provider
TX000305,P0023,bet,109.54,NAD,pending,2026-09-01 03:30:00,2026-09-28 19:57:16.576793,mock_provider
TX000306,P0068,deposit,1492.60,NAD,pending,2026-09-01 03:30:00,2026-09-28 19:57:16.576793,mock_provider
TX000307,P0058,bet,1028.91,NAD,completed,2026-09-01 03:30:00,2026-09-28 19:57:16.576793,mock_provider
TX000308,P0058,withdrawal,1891.10,NAD,completed,2026-09-01 03:30:00,2026-09-28 19:57:16.576793,mock_provider
TX000309,P0094,bet,918.79,NAD,completed,2026-09-01 03:30:00,2026-09-28 19:57:16.576793,mock_provider
TX000310,P0008,win,1695.36,NAD,pending,2026-09-01 03:37:00,2026-09-28 19:57:16.576793,mock_provider
TX000311,P0088,deposit,983.09,NAD,pending,2026-09-01 03:37:00,2026-09-28 19:57:16.576793,mock_provider
TX000312,P0010,deposit,647.61,NAD,completed,2026-09-01 03:37:00,2026-09-28 19:57:16.576793,mock_provider
TX000313,P0009,withdrawal,553.66,NAD,failed,2026-09-01 03:37:00,2026-09-28 19:57:16.576793,mock_provider
TX000314,P0071,bet,764.90,NAD,failed,2026-09-01 03:37:00,2026-09-28 19:57:16.576793,mock_provider
TX000315,P0068,bet,910.16,NAD,failed,2026-09-01 03:37:00,2026-09-28 19:57:16.576793,mock_provider
TX000316,P0056,deposit,1587.23,NAD,completed,2026-09-01 03:37:00,2026-09-28 19:57:16.576793,mock_provider
TX000317,P0110,withdrawal,862.99,NAD,completed,2026-09-01 03:37:00,2026-09-28 19:57:16.576793,mock_provider
TX000318,P0053,bet,1655.70,NAD,pending,2026-09-01 03:37:00,2026-09-28 19:57:16.576793,mock_provider
TX000319,P0054,deposit,628.53,NAD,completed,2026-09-01 03:37:00,2026-09-28 19:57:16.576793,mock_provider
TX000320,P0086,bet,751.73,NAD,completed,2026-09-01 03:44:00,2026-09-28 19:57:16.576793,mock_provider
TX000321,P0088,win,138.93,NAD,completed,2026-09-01 03:44:00,2026-09-28 19:57:16.576793,mock_provider
TX000322,P0012,win,197.65,NAD,completed,2026-09-01 03:44:00,2026-09-28 19:57:16.576793,mock_provider
TX000323,P0104,withdrawal,1114.96,NAD,failed,2026-09-01 03:44:00,2026-09-28 19:57:16.576793,mock_provider
TX000324,P0072,bet,1341.68,NAD,pending,2026-09-01 03:44:00,2026-09-28 19:57:16.576793,mock_provider
TX000325,P0046,win,1736.84,NAD,completed,2026-09-01 03:44:00,2026-09-28 19:57:16.576793,mock_provider
TX000326,P0037,bet,706.53,NAD,failed,2026-09-01 03:44:00,2026-09-28 19:57:16.576793,mock_provider
TX000327,P0065,withdrawal,313.69,NAD,pending,2026-09-01 03:44:00,2026-09-28 19:57:16.576793,mock_provider
TX000328,P0029,deposit,703.48,NAD,failed,2026-09-01 03:44:00,2026-09-28 19:57:16.576793,mock_provider
TX000329,P0048,deposit,1526.40,NAD,failed,2026-09-01 03:44:00,2026-09-28 19:57:16.576793,mock_provider
TX000330,P0029,win,1691.08,NAD,failed,2026-09-01 03:51:00,2026-09-28 19:57:16.576793,mock_provider
TX000331,P0079,deposit,1219.94,NAD,completed,2026-09-01 03:51:00,2026-09-28 19:57:16.576793,mock_provider
TX000332,P0004,withdrawal,550.17,NAD,failed,2026-09-04 00:00:00,2026-09-28 19:57:20.088707,mock_provider
TX000333,P0118,bet,705.29,NAD,completed,2026-09-01 03:51:00,2026-09-28 19:57:16.576793,mock_provider
TX000334,P0112,withdrawal,1134.81,NAD,pending,2026-09-01 03:51:00,2026-09-28 19:57:16.576793,mock_provider
TX000335,P0009,withdrawal,1483.23,NAD,completed,2026-09-01 03:51:00,2026-09-28 19:57:16.576793,mock_provider
TX000336,P0012,withdrawal,755.51,NAD,pending,2026-09-01 03:51:00,2026-09-28 19:57:16.576793,mock_provider
TX000337,P0044,withdrawal,743.26,NAD,completed,2026-09-01 03:51:00,2026-09-28 19:57:16.576793,mock_provider
TX000338,P0100,deposit,1767.27,NAD,completed,2026-09-01 03:51:00,2026-09-28 19:57:16.576793,mock_provider
TX000339,P0021,deposit,1349.57,NAD,completed,2026-09-01 03:51:00,2026-09-28 19:57:16.576793,mock_provider
TX000340,P0057,win,973.90,NAD,pending,2026-09-01 03:58:00,2026-09-28 19:57:16.576793,mock_provider
TX000341,P0054,bet,435.06,NAD,failed,2026-09-01 03:58:00,2026-09-28 19:57:16.576793,mock_provider
TX000342,P0015,bet,862.68,NAD,completed,2026-09-01 03:58:00,2026-09-28 19:57:16.576793,mock_provider
TX000343,P0087,win,1056.23,NAD,completed,2026-09-01 03:58:00,2026-09-28 19:57:16.576793,mock_provider
TX000344,P0006,withdrawal,793.55,NAD,failed,2026-09-01 03:58:00,2026-09-28 19:57:16.576793,mock_provider
TX000345,P0008,deposit,412.82,NAD,completed,2026-09-01 03:58:00,2026-09-28 19:57:16.576793,mock_provider
TX000346,P0099,withdrawal,1529.50,NAD,completed,2026-09-01 03:58:00,2026-09-28 19:57:16.576793,mock_provider
TX000347,P0042,deposit,20.42,NAD,pending,2026-09-01 03:58:00,2026-09-28 19:57:16.576793,mock_provider
TX000348,P0023,withdrawal,763.51,NAD,completed,2026-09-01 03:58:00,2026-09-28 19:57:16.576793,mock_provider
TX000349,P0065,bet,148.79,NAD,completed,2026-09-01 03:58:00,2026-09-28 19:57:16.576793,mock_provider
TX000350,P0056,deposit,922.21,NAD,completed,2026-09-01 04:05:00,2026-09-28 19:57:16.576793,mock_provider
TX000351,P0111,bet,1153.64,NAD,failed,2026-09-01 04:05:00,2026-09-28 19:57:16.576793,mock_provider
TX000352,P0052,win,582.58,NAD,pending,2026-09-01 04:05:00,2026-09-28 19:57:16.576793,mock_provider
TX000353,P0003,bet,347.89,NAD,failed,2026-09-01 04:05:00,2026-09-28 19:57:16.576793,mock_provider
TX000354,P0059,bet,180.82,NAD,completed,2026-09-01 04:05:00,2026-09-28 19:57:16.576793,mock_provider
TX000355,P0032,win,1179.80,NAD,failed,2026-09-01 04:05:00,2026-09-28 19:57:16.576793,mock_provider
TX000356,P0011,win,1741.70,NAD,completed,2026-09-01 04:05:00,2026-09-28 19:57:16.576793,mock_provider
TX000357,P0029,bet,1559.34,NAD,completed,2026-09-01 04:05:00,2026-09-28 19:57:16.576793,mock_provider
TX000358,P0066,deposit,1063.56,NAD,completed,2026-09-01 04:05:00,2026-09-28 19:57:16.576793,mock_provider
TX000359,P0116,bet,705.44,NAD,completed,2026-09-01 04:05:00,2026-09-28 19:57:16.576793,mock_provider
TX000360,P0031,deposit,297.16,NAD,completed,2026-09-01 04:12:00,2026-09-28 19:57:16.576793,mock_provider
TX000361,P0023,withdrawal,1521.63,NAD,completed,2026-09-01 04:12:00,2026-09-28 19:57:16.576793,mock_provider
TX000362,P0023,win,930.59,NAD,failed,2026-09-01 04:12:00,2026-09-28 19:57:16.576793,mock_provider
TX000363,P0098,win,1363.86,NAD,failed,2026-09-01 04:12:00,2026-09-28 19:57:16.576793,mock_provider
TX000364,P0083,bet,1729.17,NAD,completed,2026-09-01 04:12:00,2026-09-28 19:57:16.576793,mock_provider
TX000365,P0020,win,141.23,NAD,pending,2026-09-01 04:12:00,2026-09-28 19:57:16.576793,mock_provider
TX000366,P0081,bet,1593.68,NAD,failed,2026-09-01 04:12:00,2026-09-28 19:57:16.576793,mock_provider
TX000367,P0008,bet,1017.14,NAD,completed,2026-09-01 04:12:00,2026-09-28 19:57:16.576793,mock_provider
TX000368,P0060,win,80.03,NAD,completed,2026-09-01 04:12:00,2026-09-28 19:57:16.576793,mock_provider
TX000369,P0107,bet,158.08,NAD,completed,2026-09-01 04:12:00,2026-09-28 19:57:16.576793,mock_provider
TX000370,P0079,win,928.11,NAD,failed,2026-09-01 04:19:00,2026-09-28 19:57:16.576793,mock_provider
TX000371,P0102,deposit,902.22,NAD,failed,2026-09-01 04:19:00,2026-09-28 19:57:16.576793,mock_provider
TX000372,P0084,withdrawal,646.45,NAD,pending,2026-09-01 04:19:00,2026-09-28 19:57:16.576793,mock_provider
TX000373,P0065,withdrawal,1915.66,NAD,pending,2026-09-01 04:19:00,2026-09-28 19:57:16.576793,mock_provider
TX000374,P0014,bet,1964.86,NAD,completed,2026-09-01 04:19:00,2026-09-28 19:57:16.576793,mock_provider
TX000375,P0065,withdrawal,83.09,NAD,completed,2026-09-04 00:02:00,2026-09-28 19:57:20.088707,mock_provider
TX000376,P0057,withdrawal,730.98,NAD,completed,2026-09-01 04:19:00,2026-09-28 19:57:16.576793,mock_provider
TX000377,P0050,win,1550.06,NAD,failed,2026-09-01 04:19:00,2026-09-28 19:57:16.576793,mock_provider
TX000378,P0007,bet,136.49,NAD,completed,2026-09-01 04:19:00,2026-09-28 19:57:16.576793,mock_provider
TX000379,P0072,win,571.87,NAD,failed,2026-09-01 04:19:00,2026-09-28 19:57:16.576793,mock_provider
TX000380,P0112,withdrawal,670.06,NAD,failed,2026-09-01 04:26:00,2026-09-28 19:57:16.576793,mock_provider
TX000381,P0085,withdrawal,1833.91,NAD,completed,2026-09-01 04:26:00,2026-09-28 19:57:16.576793,mock_provider
TX000382,P0084,win,262.26,NAD,completed,2026-09-01 04:26:00,2026-09-28 19:57:16.576793,mock_provider
TX000383,P0040,win,1288.77,NAD,completed,2026-09-01 04:26:00,2026-09-28 19:57:16.576793,mock_provider
TX000384,P0105,withdrawal,1341.88,NAD,failed,2026-09-01 04:26:00,2026-09-28 19:57:16.576793,mock_provider
TX000385,P0012,win,1019.43,NAD,completed,2026-09-01 04:26:00,2026-09-28 19:57:16.576793,mock_provider
TX000386,P0047,bet,364.62,NAD,completed,2026-09-01 04:26:00,2026-09-28 19:57:16.576793,mock_provider
TX000387,P0044,win,388.05,NAD,completed,2026-09-01 04:26:00,2026-09-28 19:57:16.576793,mock_provider
TX000388,P0020,deposit,595.11,NAD,completed,2026-09-01 04:26:00,2026-09-28 19:57:16.576793,mock_provider
TX000389,P0065,deposit,1325.55,NAD,failed,2026-09-01 04:26:00,2026-09-28 19:57:16.576793,mock_provider
TX000390,P0017,win,312.73,NAD,completed,2026-09-01 04:33:00,2026-09-28 19:57:16.576793,mock_provider
TX000391,P0107,withdrawal,1443.76,NAD,completed,2026-09-01 04:33:00,2026-09-28 19:57:16.576793,mock_provider
TX000392,P0053,bet,1354.34,NAD,completed,2026-09-01 04:33:00,2026-09-28 19:57:16.576793,mock_provider
TX000393,P0057,bet,1506.02,NAD,pending,2026-09-01 04:33:00,2026-09-28 19:57:16.576793,mock_provider
TX000394,P0030,withdrawal,622.39,NAD,pending,2026-09-01 04:33:00,2026-09-28 19:57:16.576793,mock_provider
TX000395,P0116,withdrawal,738.84,NAD,failed,2026-09-01 04:33:00,2026-09-28 19:57:16.576793,mock_provider
TX000396,P0057,win,1540.03,NAD,pending,2026-09-01 04:33:00,2026-09-28 19:57:16.576793,mock_provider
TX000397,P0065,win,1932.70,NAD,completed,2026-09-01 04:33:00,2026-09-28 19:57:16.576793,mock_provider
TX000398,P0103,withdrawal,1746.64,NAD,completed,2026-09-01 04:33:00,2026-09-28 19:57:16.576793,mock_provider
TX000399,P0083,win,1748.86,NAD,failed,2026-09-01 04:33:00,2026-09-28 19:57:16.576793,mock_provider
TX000400,P0120,deposit,1424.24,NAD,failed,2026-09-01 04:40:00,2026-09-28 19:57:16.576793,mock_provider
TX000401,P0109,deposit,573.70,NAD,completed,2026-09-01 04:40:00,2026-09-28 19:57:16.576793,mock_provider
TX000402,P0035,win,1811.09,NAD,completed,2026-09-01 04:40:00,2026-09-28 19:57:16.576793,mock_provider
TX000403,P0107,win,187.97,NAD,completed,2026-09-01 04:40:00,2026-09-28 19:57:16.576793,mock_provider
TX000404,P0105,win,1769.84,NAD,completed,2026-09-01 04:40:00,2026-09-28 19:57:16.576793,mock_provider
TX000405,P0054,deposit,795.93,NAD,completed,2026-09-04 00:00:00,2026-09-28 19:57:20.088707,mock_provider
TX000406,P0031,win,1989.08,NAD,completed,2026-09-01 04:40:00,2026-09-28 19:57:16.576793,mock_provider
TX000407,P0029,deposit,640.78,NAD,failed,2026-09-04 00:08:00,2026-09-28 19:57:20.088707,mock_provider
TX000408,P0108,bet,1583.80,NAD,completed,2026-09-01 04:40:00,2026-09-28 19:57:16.576793,mock_provider
TX000409,P0005,bet,1835.21,NAD,pending,2026-09-01 04:40:00,2026-09-28 19:57:16.576793,mock_provider
TX000410,P0090,withdrawal,1518.89,NAD,pending,2026-09-01 04:47:00,2026-09-28 19:57:16.576793,mock_provider
TX000411,P0058,deposit,1812.19,NAD,completed,2026-09-01 04:47:00,2026-09-28 19:57:16.576793,mock_provider
TX000412,P0033,withdrawal,1670.75,NAD,failed,2026-09-01 04:47:00,2026-09-28 19:57:16.576793,mock_provider
TX000413,P0094,win,226.82,NAD,completed,2026-09-01 04:47:00,2026-09-28 19:57:16.576793,mock_provider
TX000414,P0031,bet,248.09,NAD,completed,2026-09-01 04:47:00,2026-09-28 19:57:16.576793,mock_provider
TX000415,P0054,win,130.30,NAD,pending,2026-09-01 04:47:00,2026-09-28 19:57:16.576793,mock_provider
TX000416,P0077,deposit,1265.75,NAD,failed,2026-09-01 04:47:00,2026-09-28 19:57:16.576793,mock_provider
TX000417,P0031,withdrawal,586.09,NAD,completed,2026-09-01 04:47:00,2026-09-28 19:57:16.576793,mock_provider
TX000418,P0079,bet,484.93,NAD,pending,2026-09-01 04:47:00,2026-09-28 19:57:16.576793,mock_provider
TX000419,P0024,deposit,1049.35,NAD,completed,2026-09-01 04:47:00,2026-09-28 19:57:16.576793,mock_provider
TX000420,P0009,deposit,783.96,NAD,pending,2026-09-01 04:54:00,2026-09-28 19:57:16.576793,mock_provider
TX000421,P0006,win,1962.17,NAD,completed,2026-09-01 04:54:00,2026-09-28 19:57:16.576793,mock_provider
TX000422,P0096,deposit,717.40,NAD,completed,2026-09-01 04:54:00,2026-09-28 19:57:16.576793,mock_provider
TX000423,P0045,withdrawal,1467.22,NAD,completed,2026-09-01 04:54:00,2026-09-28 19:57:16.576793,mock_provider
TX000424,P0099,bet,271.15,NAD,completed,2026-09-01 04:54:00,2026-09-28 19:57:16.576793,mock_provider
TX000425,P0070,bet,1627.95,NAD,completed,2026-09-01 04:54:00,2026-09-28 19:57:16.576793,mock_provider
TX000426,P0107,win,1961.73,NAD,pending,2026-09-01 04:54:00,2026-09-28 19:57:16.576793,mock_provider
TX000427,P0081,withdrawal,1623.94,NAD,completed,2026-09-01 04:54:00,2026-09-28 19:57:16.576793,mock_provider
TX000428,P0092,win,78.78,NAD,completed,2026-09-01 04:54:00,2026-09-28 19:57:16.576793,mock_provider
TX000429,P0006,withdrawal,1772.15,NAD,reversed,2026-09-04 00:04:00,2026-09-28 19:57:20.088707,mock_provider
TX000430,P0120,bet,1033.19,NAD,failed,2026-09-01 05:01:00,2026-09-28 19:57:16.576793,mock_provider
TX000431,P0061,bet,78.06,NAD,completed,2026-09-01 05:01:00,2026-09-28 19:57:16.576793,mock_provider
TX000432,P0037,bet,1724.97,NAD,completed,2026-09-01 05:01:00,2026-09-28 19:57:16.576793,mock_provider
TX000433,P0111,bet,550.07,NAD,completed,2026-09-01 05:01:00,2026-09-28 19:57:16.576793,mock_provider
TX000434,P0056,win,1487.90,NAD,pending,2026-09-01 05:01:00,2026-09-28 19:57:16.576793,mock_provider
TX000435,P0044,withdrawal,994.93,NAD,reversed,2026-09-04 00:05:00,2026-09-28 19:57:20.088707,mock_provider
TX000436,P0048,bet,1603.29,NAD,pending,2026-09-01 05:01:00,2026-09-28 19:57:16.576793,mock_provider
TX000437,P0011,win,1206.89,NAD,completed,2026-09-01 05:01:00,2026-09-28 19:57:16.576793,mock_provider
TX000438,P0070,bet,645.82,NAD,completed,2026-09-01 05:01:00,2026-09-28 19:57:16.576793,mock_provider
TX000439,P0042,bet,616.46,NAD,failed,2026-09-01 05:01:00,2026-09-28 19:57:16.576793,mock_provider
TX000440,P0092,win,337.46,NAD,pending,2026-09-01 05:08:00,2026-09-28 19:57:16.576793,mock_provider
TX000441,P0045,win,89.50,NAD,completed,2026-09-01 05:08:00,2026-09-28 19:57:16.576793,mock_provider
TX000442,P0079,win,552.74,NAD,completed,2026-09-01 05:08:00,2026-09-28 19:57:16.576793,mock_provider
TX000443,P0010,win,729.81,NAD,completed,2026-09-01 05:08:00,2026-09-28 19:57:16.576793,mock_provider
TX000444,P0004,withdrawal,1698.10,NAD,pending,2026-09-01 05:08:00,2026-09-28 19:57:16.576793,mock_provider
TX000445,P0005,withdrawal,139.13,NAD,completed,2026-09-04 00:04:00,2026-09-28 19:57:20.088707,mock_provider
TX000446,P0047,win,1899.19,NAD,completed,2026-09-01 05:08:00,2026-09-28 19:57:16.576793,mock_provider
TX000447,P0078,withdrawal,1359.73,NAD,completed,2026-09-01 05:08:00,2026-09-28 19:57:16.576793,mock_provider
TX000448,P0048,win,1527.35,NAD,failed,2026-09-01 05:08:00,2026-09-28 19:57:16.576793,mock_provider
TX000449,P0018,bet,799.08,NAD,completed,2026-09-01 05:08:00,2026-09-28 19:57:16.576793,mock_provider
TX000450,P0032,deposit,56.70,NAD,completed,2026-09-01 05:15:00,2026-09-28 19:57:16.590130,mock_provider
TX000451,P0064,win,1827.52,NAD,completed,2026-09-01 05:15:00,2026-09-28 19:57:16.590130,mock_provider
TX000452,P0034,bet,1409.56,NAD,completed,2026-09-01 05:15:00,2026-09-28 19:57:16.590130,mock_provider
TX000453,P0079,bet,1389.49,NAD,pending,2026-09-01 05:15:00,2026-09-28 19:57:16.590130,mock_provider
TX000454,P0026,deposit,275.78,NAD,completed,2026-09-01 05:15:00,2026-09-28 19:57:16.590130,mock_provider
TX000455,P0058,withdrawal,1797.86,NAD,pending,2026-09-01 05:15:00,2026-09-28 19:57:16.590130,mock_provider
TX000456,P0012,bet,1337.34,NAD,completed,2026-09-01 05:15:00,2026-09-28 19:57:16.590130,mock_provider
TX000457,P0071,bet,1783.21,NAD,completed,2026-09-01 05:15:00,2026-09-28 19:57:16.590130,mock_provider
TX000458,P0092,withdrawal,1588.42,NAD,failed,2026-09-01 05:15:00,2026-09-28 19:57:16.590130,mock_provider
TX000459,P0029,deposit,1970.34,NAD,completed,2026-09-01 05:15:00,2026-09-28 19:57:16.590130,mock_provider
TX000460,P0031,win,57.44,NAD,failed,2026-09-01 05:22:00,2026-09-28 19:57:16.590130,mock_provider
TX000461,P0074,bet,937.47,NAD,failed,2026-09-01 05:22:00,2026-09-28 19:57:16.590130,mock_provider
TX000462,P0017,deposit,136.17,NAD,pending,2026-09-01 05:22:00,2026-09-28 19:57:16.590130,mock_provider
TX000463,P0092,win,1053.76,NAD,pending,2026-09-01 05:22:00,2026-09-28 19:57:16.590130,mock_provider
TX000464,P0106,deposit,255.03,NAD,completed,2026-09-01 05:22:00,2026-09-28 19:57:16.590130,mock_provider
TX000465,P0083,deposit,902.70,NAD,failed,2026-09-01 05:22:00,2026-09-28 19:57:16.590130,mock_provider
TX000466,P0045,withdrawal,1756.53,NAD,failed,2026-09-01 05:22:00,2026-09-28 19:57:16.590130,mock_provider
TX000467,P0082,withdrawal,1536.72,NAD,completed,2026-09-01 05:22:00,2026-09-28 19:57:16.590130,mock_provider
TX000468,P0056,deposit,1663.62,NAD,failed,2026-09-01 05:22:00,2026-09-28 19:57:16.590130,mock_provider
TX000469,P0020,bet,333.49,NAD,completed,2026-09-01 05:22:00,2026-09-28 19:57:16.590130,mock_provider
TX000470,P0120,withdrawal,695.32,NAD,failed,2026-09-01 05:29:00,2026-09-28 19:57:16.590130,mock_provider
TX000471,P0115,bet,1692.64,NAD,completed,2026-09-01 05:29:00,2026-09-28 19:57:16.590130,mock_provider
TX000472,P0026,bet,254.71,NAD,completed,2026-09-01 05:29:00,2026-09-28 19:57:16.590130,mock_provider
TX000473,P0079,deposit,1007.63,NAD,completed,2026-09-01 05:29:00,2026-09-28 19:57:16.590130,mock_provider
TX000474,P0076,withdrawal,346.55,NAD,failed,2026-09-01 05:29:00,2026-09-28 19:57:16.590130,mock_provider
TX000475,P0093,bet,1685.85,NAD,failed,2026-09-01 05:29:00,2026-09-28 19:57:16.590130,mock_provider
TX000476,P0006,deposit,167.04,NAD,failed,2026-09-01 05:29:00,2026-09-28 19:57:16.590130,mock_provider
TX000477,P0034,withdrawal,1535.08,NAD,pending,2026-09-01 05:29:00,2026-09-28 19:57:16.590130,mock_provider
TX000478,P0080,deposit,998.59,NAD,failed,2026-09-01 05:29:00,2026-09-28 19:57:16.590130,mock_provider
TX000479,P0038,bet,968.47,NAD,pending,2026-09-01 05:29:00,2026-09-28 19:57:16.590130,mock_provider
TX000480,P0039,win,150.58,NAD,completed,2026-09-01 05:36:00,2026-09-28 19:57:16.590130,mock_provider
TX000481,P0021,win,834.17,NAD,pending,2026-09-01 05:36:00,2026-09-28 19:57:16.590130,mock_provider
TX000482,P0027,bet,1215.29,NAD,completed,2026-09-01 05:36:00,2026-09-28 19:57:16.590130,mock_provider
TX000483,P0111,bet,1469.73,NAD,completed,2026-09-01 05:36:00,2026-09-28 19:57:16.590130,mock_provider
TX000484,P0052,withdrawal,1522.53,NAD,failed,2026-09-01 05:36:00,2026-09-28 19:57:16.590130,mock_provider
TX000485,P0072,deposit,641.64,NAD,pending,2026-09-01 05:36:00,2026-09-28 19:57:16.590130,mock_provider
TX000486,P0016,bet,901.94,NAD,completed,2026-09-01 05:36:00,2026-09-28 19:57:16.590130,mock_provider
TX000487,P0013,deposit,583.97,NAD,pending,2026-09-01 05:36:00,2026-09-28 19:57:16.590130,mock_provider
TX000488,P0111,win,500.30,NAD,completed,2026-09-01 05:36:00,2026-09-28 19:57:16.590130,mock_provider
TX000489,P0105,bet,1867.83,NAD,completed,2026-09-01 05:36:00,2026-09-28 19:57:16.590130,mock_provider
TX000490,P0025,withdrawal,999.04,NAD,failed,2026-09-01 05:43:00,2026-09-28 19:57:16.590130,mock_provider
TX000491,P0060,win,1758.76,NAD,pending,2026-09-01 05:43:00,2026-09-28 19:57:16.590130,mock_provider
TX000492,P0003,deposit,1890.74,NAD,failed,2026-09-01 05:43:00,2026-09-28 19:57:16.590130,mock_provider
TX000493,P0059,withdrawal,434.21,NAD,completed,2026-09-01 05:43:00,2026-09-28 19:57:16.590130,mock_provider
TX000494,P0007,deposit,566.31,NAD,failed,2026-09-01 05:43:00,2026-09-28 19:57:16.590130,mock_provider
TX000495,P0113,win,575.07,NAD,completed,2026-09-01 05:43:00,2026-09-28 19:57:16.590130,mock_provider
TX000496,P0109,deposit,864.70,NAD,completed,2026-09-01 05:43:00,2026-09-28 19:57:16.590130,mock_provider
TX000497,P0094,bet,1528.89,NAD,completed,2026-09-01 05:43:00,2026-09-28 19:57:16.590130,mock_provider
TX000498,P0006,win,107.06,NAD,failed,2026-09-01 05:43:00,2026-09-28 19:57:16.590130,mock_provider
TX000499,P0025,bet,1108.68,NAD,completed,2026-09-01 05:43:00,2026-09-28 19:57:16.590130,mock_provider
TX000500,P0050,win,250.00,NAD,completed,2026-09-01 05:50:00,2026-09-28 19:57:16.590130,mock_provider
TX000501,P0106,deposit,261.68,NAD,completed,2026-09-01 05:50:00,2026-09-28 19:57:16.590130,mock_provider
TX000502,P0051,bet,1590.82,NAD,completed,2026-09-01 05:50:00,2026-09-28 19:57:16.590130,mock_provider
TX000503,P0072,bet,1511.16,NAD,completed,2026-09-01 05:50:00,2026-09-28 19:57:16.590130,mock_provider
TX000504,P0078,win,1002.66,NAD,completed,2026-09-01 05:50:00,2026-09-28 19:57:16.590130,mock_provider
TX000505,P0005,withdrawal,1428.62,NAD,pending,2026-09-01 05:50:00,2026-09-28 19:57:16.590130,mock_provider
TX000506,P0067,win,302.14,NAD,failed,2026-09-01 05:50:00,2026-09-28 19:57:16.590130,mock_provider
TX000507,P0018,bet,1863.08,NAD,completed,2026-09-01 05:50:00,2026-09-28 19:57:16.590130,mock_provider
TX000508,P0021,win,1981.28,NAD,completed,2026-09-01 05:50:00,2026-09-28 19:57:16.590130,mock_provider
TX000509,P0076,bet,1017.09,NAD,failed,2026-09-01 05:50:00,2026-09-28 19:57:16.590130,mock_provider
TX000510,P0069,win,1418.94,NAD,completed,2026-09-01 05:57:00,2026-09-28 19:57:16.590130,mock_provider
TX000511,P0061,deposit,739.87,NAD,completed,2026-09-01 05:57:00,2026-09-28 19:57:16.590130,mock_provider
TX000512,P0054,bet,1594.53,NAD,completed,2026-09-01 05:57:00,2026-09-28 19:57:16.590130,mock_provider
TX000513,P0077,win,534.73,NAD,failed,2026-09-01 05:57:00,2026-09-28 19:57:16.590130,mock_provider
TX000514,P0074,withdrawal,1444.19,NAD,failed,2026-09-01 05:57:00,2026-09-28 19:57:16.590130,mock_provider
TX000515,P0062,withdrawal,1050.84,NAD,failed,2026-09-01 05:57:00,2026-09-28 19:57:16.590130,mock_provider
TX000516,P0100,win,299.81,NAD,completed,2026-09-01 05:57:00,2026-09-28 19:57:16.590130,mock_provider
TX000517,P0005,deposit,385.61,NAD,pending,2026-09-01 05:57:00,2026-09-28 19:57:16.590130,mock_provider
TX000518,P0041,win,307.11,NAD,completed,2026-09-01 05:57:00,2026-09-28 19:57:16.590130,mock_provider
TX000519,P0053,win,1746.27,NAD,completed,2026-09-01 05:57:00,2026-09-28 19:57:16.590130,mock_provider
TX000520,P0091,withdrawal,1039.77,NAD,reversed,2026-09-04 00:03:00,2026-09-28 19:57:20.088707,mock_provider
TX000521,P0042,win,1053.33,NAD,completed,2026-09-01 06:04:00,2026-09-28 19:57:16.590130,mock_provider
TX000522,P0023,win,1824.69,NAD,completed,2026-09-01 06:04:00,2026-09-28 19:57:16.590130,mock_provider
TX000523,P0070,bet,1353.36,NAD,completed,2026-09-01 06:04:00,2026-09-28 19:57:16.590130,mock_provider
TX000524,P0079,win,388.57,NAD,completed,2026-09-01 06:04:00,2026-09-28 19:57:16.590130,mock_provider
TX000525,P0036,bet,453.61,NAD,completed,2026-09-01 06:04:00,2026-09-28 19:57:16.590130,mock_provider
TX000526,P0099,bet,1411.28,NAD,pending,2026-09-01 06:04:00,2026-09-28 19:57:16.590130,mock_provider
TX000527,P0041,win,700.86,NAD,completed,2026-09-01 06:04:00,2026-09-28 19:57:16.590130,mock_provider
TX000528,P0037,deposit,1149.09,NAD,failed,2026-09-01 06:04:00,2026-09-28 19:57:16.590130,mock_provider
TX000529,P0049,win,1637.66,NAD,completed,2026-09-01 06:04:00,2026-09-28 19:57:16.590130,mock_provider
TX000530,P0038,deposit,578.82,NAD,completed,2026-09-01 06:11:00,2026-09-28 19:57:16.590130,mock_provider
TX000531,P0045,win,1313.66,NAD,pending,2026-09-01 06:11:00,2026-09-28 19:57:16.590130,mock_provider
TX000532,P0028,withdrawal,1656.76,NAD,completed,2026-09-01 06:11:00,2026-09-28 19:57:16.590130,mock_provider
TX000533,P0120,bet,278.86,NAD,failed,2026-09-01 06:11:00,2026-09-28 19:57:16.590130,mock_provider
TX000534,P0095,withdrawal,488.70,NAD,failed,2026-09-01 06:11:00,2026-09-28 19:57:16.590130,mock_provider
TX000535,P0029,withdrawal,109.72,NAD,pending,2026-09-01 06:11:00,2026-09-28 19:57:16.590130,mock_provider
TX000536,P0043,win,205.59,NAD,completed,2026-09-01 06:11:00,2026-09-28 19:57:16.590130,mock_provider
TX000537,P0001,withdrawal,816.78,NAD,pending,2026-09-01 06:11:00,2026-09-28 19:57:16.590130,mock_provider
TX000538,P0062,withdrawal,1513.04,NAD,completed,2026-09-01 06:11:00,2026-09-28 19:57:16.590130,mock_provider
TX000539,P0042,bet,1293.57,NAD,completed,2026-09-01 06:11:00,2026-09-28 19:57:16.590130,mock_provider
TX000540,P0084,withdrawal,1072.63,NAD,completed,2026-09-01 06:18:00,2026-09-28 19:57:16.590130,mock_provider
TX000541,P0117,withdrawal,838.68,NAD,completed,2026-09-01 06:18:00,2026-09-28 19:57:16.590130,mock_provider
TX000542,P0120,deposit,1994.36,NAD,pending,2026-09-01 06:18:00,2026-09-28 19:57:16.590130,mock_provider
TX000543,P0101,win,376.69,NAD,completed,2026-09-01 06:18:00,2026-09-28 19:57:16.590130,mock_provider
TX000544,P0113,deposit,23.49,NAD,failed,2026-09-01 06:18:00,2026-09-28 19:57:16.590130,mock_provider
TX000545,P0078,deposit,1857.27,NAD,completed,2026-09-01 06:18:00,2026-09-28 19:57:16.590130,mock_provider
TX000546,P0037,win,1978.25,NAD,failed,2026-09-01 06:18:00,2026-09-28 19:57:16.590130,mock_provider
TX000547,P0068,win,1779.07,NAD,completed,2026-09-01 06:18:00,2026-09-28 19:57:16.590130,mock_provider
TX000548,P0109,win,549.31,NAD,completed,2026-09-01 06:18:00,2026-09-28 19:57:16.590130,mock_provider
TX000549,P0043,withdrawal,1463.58,NAD,reversed,2026-09-04 00:01:00,2026-09-28 19:57:20.088707,mock_provider
TX000550,P0092,withdrawal,33.10,NAD,completed,2026-09-01 06:25:00,2026-09-28 19:57:16.590130,mock_provider
TX000551,P0102,bet,1137.72,NAD,completed,2026-09-01 06:25:00,2026-09-28 19:57:16.590130,mock_provider
TX000552,P0023,win,1654.84,NAD,failed,2026-09-01 06:25:00,2026-09-28 19:57:16.590130,mock_provider
TX000553,P0042,deposit,804.66,NAD,completed,2026-09-01 06:25:00,2026-09-28 19:57:16.590130,mock_provider
TX000554,P0024,withdrawal,957.52,NAD,completed,2026-09-01 06:25:00,2026-09-28 19:57:16.590130,mock_provider
TX000555,P0001,bet,770.23,NAD,pending,2026-09-01 06:25:00,2026-09-28 19:57:16.590130,mock_provider
TX000556,P0097,bet,1908.30,NAD,completed,2026-09-01 06:25:00,2026-09-28 19:57:16.590130,mock_provider
TX000557,P0075,deposit,526.80,NAD,completed,2026-09-01 06:25:00,2026-09-28 19:57:16.590130,mock_provider
TX000558,P0089,withdrawal,128.94,NAD,completed,2026-09-01 06:25:00,2026-09-28 19:57:16.590130,mock_provider
TX000559,P0060,bet,323.64,NAD,failed,2026-09-01 06:25:00,2026-09-28 19:57:16.590130,mock_provider
TX000560,P0119,bet,1382.13,NAD,completed,2026-09-01 06:32:00,2026-09-28 19:57:16.590130,mock_provider
TX000561,P0048,withdrawal,442.16,NAD,completed,2026-09-01 06:32:00,2026-09-28 19:57:16.590130,mock_provider
TX000562,P0062,withdrawal,912.68,NAD,failed,2026-09-01 06:32:00,2026-09-28 19:57:16.590130,mock_provider
TX000563,P0048,win,1405.37,NAD,pending,2026-09-01 06:32:00,2026-09-28 19:57:16.590130,mock_provider
TX000564,P0097,withdrawal,1524.91,NAD,failed,2026-09-01 06:32:00,2026-09-28 19:57:16.590130,mock_provider
TX000565,P0112,deposit,1053.39,NAD,completed,2026-09-04 00:05:00,2026-09-28 19:57:20.088707,mock_provider
TX000566,P0091,bet,160.81,NAD,failed,2026-09-01 06:32:00,2026-09-28 19:57:16.590130,mock_provider
TX000567,P0015,deposit,1658.40,NAD,failed,2026-09-01 06:32:00,2026-09-28 19:57:16.590130,mock_provider
TX000568,P0026,withdrawal,333.25,NAD,failed,2026-09-01 06:32:00,2026-09-28 19:57:16.590130,mock_provider
TX000569,P0057,deposit,1362.19,NAD,failed,2026-09-01 06:32:00,2026-09-28 19:57:16.590130,mock_provider
TX000570,P0063,deposit,1798.28,NAD,pending,2026-09-01 06:39:00,2026-09-28 19:57:16.590130,mock_provider
TX000571,P0104,deposit,909.60,NAD,completed,2026-09-04 00:09:00,2026-09-28 19:57:20.088707,mock_provider
TX000572,P0054,win,1130.00,NAD,failed,2026-09-01 06:39:00,2026-09-28 19:57:16.590130,mock_provider
TX000573,P0060,bet,1447.94,NAD,pending,2026-09-01 06:39:00,2026-09-28 19:57:16.590130,mock_provider
TX000574,P0033,deposit,1492.88,NAD,failed,2026-09-01 06:39:00,2026-09-28 19:57:16.590130,mock_provider
TX000575,P0010,deposit,850.28,NAD,completed,2026-09-01 06:39:00,2026-09-28 19:57:16.590130,mock_provider
TX000576,P0070,deposit,1869.49,NAD,completed,2026-09-01 06:39:00,2026-09-28 19:57:16.590130,mock_provider
TX000577,P0120,win,68.31,NAD,pending,2026-09-01 06:39:00,2026-09-28 19:57:16.590130,mock_provider
TX000578,P0024,withdrawal,1532.83,NAD,pending,2026-09-01 06:39:00,2026-09-28 19:57:16.590130,mock_provider
TX000579,P0048,win,899.83,NAD,pending,2026-09-01 06:39:00,2026-09-28 19:57:16.590130,mock_provider
TX000580,P0049,deposit,1367.05,NAD,reversed,2026-09-04 00:06:00,2026-09-28 19:57:20.088707,mock_provider
TX000581,P0018,bet,241.67,NAD,failed,2026-09-01 06:46:00,2026-09-28 19:57:16.590130,mock_provider
TX000582,P0051,withdrawal,1457.08,NAD,completed,2026-09-01 06:46:00,2026-09-28 19:57:16.590130,mock_provider
TX000583,P0107,deposit,1513.58,NAD,completed,2026-09-01 06:46:00,2026-09-28 19:57:16.590130,mock_provider
TX000584,P0060,win,1066.21,NAD,completed,2026-09-01 06:46:00,2026-09-28 19:57:16.590130,mock_provider
TX000585,P0032,win,695.59,NAD,completed,2026-09-01 06:46:00,2026-09-28 19:57:16.590130,mock_provider
TX000586,P0025,deposit,69.27,NAD,pending,2026-09-01 06:46:00,2026-09-28 19:57:16.590130,mock_provider
TX000587,P0079,deposit,485.13,NAD,completed,2026-09-01 06:46:00,2026-09-28 19:57:16.590130,mock_provider
TX000588,P0013,deposit,895.65,NAD,completed,2026-09-01 06:46:00,2026-09-28 19:57:16.590130,mock_provider
TX000589,P0032,deposit,807.52,NAD,completed,2026-09-01 06:46:00,2026-09-28 19:57:16.590130,mock_provider
TX000590,P0070,withdrawal,1510.00,NAD,completed,2026-09-01 06:53:00,2026-09-28 19:57:16.590130,mock_provider
TX000591,P0018,bet,472.15,NAD,failed,2026-09-04 00:07:00,2026-09-28 19:57:20.088707,mock_provider
TX000592,P0041,bet,477.62,NAD,completed,2026-09-01 06:53:00,2026-09-28 19:57:16.590130,mock_provider
TX000593,P0085,withdrawal,830.05,NAD,completed,2026-09-01 06:53:00,2026-09-28 19:57:16.590130,mock_provider
TX000594,P0008,withdrawal,1253.86,NAD,pending,2026-09-01 06:53:00,2026-09-28 19:57:16.590130,mock_provider
TX000595,P0072,win,98.53,NAD,completed,2026-09-01 06:53:00,2026-09-28 19:57:16.590130,mock_provider
TX000596,P0083,win,1572.68,NAD,completed,2026-09-01 06:53:00,2026-09-28 19:57:16.590130,mock_provider
TX000597,P0090,win,819.48,NAD,completed,2026-09-04 00:02:00,2026-09-28 19:57:20.088707,mock_provider
TX000598,P0049,withdrawal,1510.06,NAD,pending,2026-09-01 06:53:00,2026-09-28 19:57:16.590130,mock_provider
TX000599,P0031,withdrawal,604.97,NAD,completed,2026-09-01 06:53:00,2026-09-28 19:57:16.590130,mock_provider
TX000600,P0104,win,1829.91,NAD,failed,2026-09-04 00:08:00,2026-09-28 19:57:20.088707,mock_provider
TX000601,P0053,win,1116.79,NAD,completed,2026-09-01 07:00:00,2026-09-28 19:57:16.590130,mock_provider
TX000602,P0050,withdrawal,513.72,NAD,completed,2026-09-01 07:00:00,2026-09-28 19:57:16.590130,mock_provider
TX000603,P0083,deposit,1844.84,NAD,completed,2026-09-01 07:00:00,2026-09-28 19:57:16.590130,mock_provider
TX000604,P0012,withdrawal,107.82,NAD,pending,2026-09-01 07:00:00,2026-09-28 19:57:16.590130,mock_provider
TX000605,P0087,deposit,1747.87,NAD,completed,2026-09-01 07:00:00,2026-09-28 19:57:16.590130,mock_provider
TX000606,P0103,withdrawal,961.39,NAD,completed,2026-09-01 07:00:00,2026-09-28 19:57:16.590130,mock_provider
TX000607,P0039,deposit,427.56,NAD,completed,2026-09-01 07:00:00,2026-09-28 19:57:16.590130,mock_provider
TX000608,P0095,deposit,1495.02,NAD,pending,2026-09-01 07:00:00,2026-09-28 19:57:16.590130,mock_provider
TX000609,P0118,withdrawal,1392.77,NAD,completed,2026-09-01 07:00:00,2026-09-28 19:57:16.590130,mock_provider
TX000610,P0051,withdrawal,1106.40,NAD,completed,2026-09-01 07:07:00,2026-09-28 19:57:16.590130,mock_provider
TX000611,P0049,win,1069.63,NAD,completed,2026-09-01 07:07:00,2026-09-28 19:57:16.590130,mock_provider
TX000612,P0040,bet,722.49,NAD,pending,2026-09-01 07:07:00,2026-09-28 19:57:16.590130,mock_provider
TX000613,P0060,deposit,1606.62,NAD,pending,2026-09-01 07:07:00,2026-09-28 19:57:16.590130,mock_provider
TX000614,P0098,bet,1829.09,NAD,completed,2026-09-01 07:07:00,2026-09-28 19:57:16.590130,mock_provider
TX000615,P0041,win,96.20,NAD,completed,2026-09-01 07:07:00,2026-09-28 19:57:16.590130,mock_provider
TX000616,P0095,withdrawal,37.36,NAD,failed,2026-09-01 07:07:00,2026-09-28 19:57:16.590130,mock_provider
TX000617,P0120,win,593.91,NAD,completed,2026-09-01 07:07:00,2026-09-28 19:57:16.590130,mock_provider
TX000618,P0043,withdrawal,762.78,NAD,completed,2026-09-01 07:07:00,2026-09-28 19:57:16.590130,mock_provider
TX000619,P0064,bet,518.37,NAD,pending,2026-09-01 07:07:00,2026-09-28 19:57:16.590130,mock_provider
TX000620,P0093,win,924.35,NAD,completed,2026-09-01 07:14:00,2026-09-28 19:57:16.590130,mock_provider
TX000621,P0022,withdrawal,1442.03,NAD,pending,2026-09-01 07:14:00,2026-09-28 19:57:16.590130,mock_provider
TX000622,P0024,deposit,1050.27,NAD,completed,2026-09-01 07:14:00,2026-09-28 19:57:16.590130,mock_provider
TX000623,P0105,deposit,1529.86,NAD,pending,2026-09-01 07:14:00,2026-09-28 19:57:16.590130,mock_provider
TX000624,P0018,withdrawal,140.60,NAD,completed,2026-09-01 07:14:00,2026-09-28 19:57:16.590130,mock_provider
TX000625,P0002,withdrawal,1013.94,NAD,completed,2026-09-01 07:14:00,2026-09-28 19:57:16.590130,mock_provider
TX000626,P0008,win,1320.27,NAD,completed,2026-09-01 07:14:00,2026-09-28 19:57:16.590130,mock_provider
TX000627,P0001,win,28.64,NAD,failed,2026-09-01 07:14:00,2026-09-28 19:57:16.590130,mock_provider
TX000628,P0093,bet,1073.80,NAD,completed,2026-09-01 07:14:00,2026-09-28 19:57:16.590130,mock_provider
TX000629,P0003,win,1613.30,NAD,completed,2026-09-01 07:14:00,2026-09-28 19:57:16.590130,mock_provider
TX000630,P0014,deposit,1051.15,NAD,completed,2026-09-01 07:21:00,2026-09-28 19:57:16.590130,mock_provider
TX000631,P0025,bet,1631.35,NAD,completed,2026-09-01 07:21:00,2026-09-28 19:57:16.590130,mock_provider
TX000632,P0102,win,162.64,NAD,pending,2026-09-01 07:21:00,2026-09-28 19:57:16.590130,mock_provider
TX000633,P0059,withdrawal,1980.51,NAD,completed,2026-09-01 07:21:00,2026-09-28 19:57:16.590130,mock_provider
TX000634,P0039,deposit,1309.20,NAD,completed,2026-09-01 07:21:00,2026-09-28 19:57:16.590130,mock_provider
TX000635,P0012,win,761.63,NAD,failed,2026-09-01 07:21:00,2026-09-28 19:57:16.590130,mock_provider
TX000636,P0061,deposit,1275.31,NAD,completed,2026-09-01 07:21:00,2026-09-28 19:57:16.590130,mock_provider
TX000637,P0011,win,1691.43,NAD,completed,2026-09-01 07:21:00,2026-09-28 19:57:16.590130,mock_provider
TX000638,P0073,deposit,1790.11,NAD,completed,2026-09-01 07:21:00,2026-09-28 19:57:16.590130,mock_provider
TX000639,P0030,withdrawal,1803.04,NAD,failed,2026-09-01 07:21:00,2026-09-28 19:57:16.590130,mock_provider
TX000640,P0061,bet,97.89,NAD,completed,2026-09-01 07:28:00,2026-09-28 19:57:16.590130,mock_provider
TX000641,P0088,bet,1799.13,NAD,failed,2026-09-01 07:28:00,2026-09-28 19:57:16.590130,mock_provider
TX000642,P0085,deposit,362.81,NAD,completed,2026-09-01 07:28:00,2026-09-28 19:57:16.590130,mock_provider
TX000643,P0003,withdrawal,1176.14,NAD,failed,2026-09-04 00:07:00,2026-09-28 19:57:20.088707,mock_provider
TX000644,P0119,deposit,602.06,NAD,failed,2026-09-01 07:28:00,2026-09-28 19:57:16.590130,mock_provider
TX000645,P0031,win,1355.68,NAD,failed,2026-09-01 07:28:00,2026-09-28 19:57:16.590130,mock_provider
TX000646,P0043,win,1512.44,NAD,failed,2026-09-04 00:07:00,2026-09-28 19:57:20.088707,mock_provider
TX000647,P0102,deposit,1004.08,NAD,completed,2026-09-01 07:28:00,2026-09-28 19:57:16.590130,mock_provider
TX000648,P0007,deposit,876.99,NAD,completed,2026-09-01 07:28:00,2026-09-28 19:57:16.590130,mock_provider
TX000649,P0044,win,1938.00,NAD,completed,2026-09-01 07:28:00,2026-09-28 19:57:16.590130,mock_provider
TX000650,P0004,bet,1568.18,NAD,pending,2026-09-01 07:35:00,2026-09-28 19:57:16.601551,mock_provider
TX000651,P0063,withdrawal,714.84,NAD,pending,2026-09-01 07:35:00,2026-09-28 19:57:16.601551,mock_provider
TX000652,P0056,withdrawal,1360.99,NAD,pending,2026-09-01 07:35:00,2026-09-28 19:57:16.601551,mock_provider
TX000653,P0011,bet,1597.12,NAD,completed,2026-09-01 07:35:00,2026-09-28 19:57:16.601551,mock_provider
TX000654,P0011,bet,312.67,NAD,completed,2026-09-01 07:35:00,2026-09-28 19:57:16.601551,mock_provider
TX000655,P0095,win,636.77,NAD,completed,2026-09-01 07:35:00,2026-09-28 19:57:16.601551,mock_provider
TX000656,P0012,deposit,1886.21,NAD,pending,2026-09-01 07:35:00,2026-09-28 19:57:16.601551,mock_provider
TX000657,P0047,bet,208.95,NAD,completed,2026-09-01 07:35:00,2026-09-28 19:57:16.601551,mock_provider
TX000658,P0024,win,900.44,NAD,failed,2026-09-01 07:35:00,2026-09-28 19:57:16.601551,mock_provider
TX000659,P0066,win,211.07,NAD,completed,2026-09-01 07:35:00,2026-09-28 19:57:16.601551,mock_provider
TX000660,P0046,deposit,1195.86,NAD,completed,2026-09-01 07:42:00,2026-09-28 19:57:16.601551,mock_provider
TX000661,P0111,win,29.62,NAD,pending,2026-09-01 07:42:00,2026-09-28 19:57:16.601551,mock_provider
TX000662,P0050,deposit,1451.06,NAD,failed,2026-09-01 07:42:00,2026-09-28 19:57:16.601551,mock_provider
TX000663,P0116,withdrawal,1146.06,NAD,completed,2026-09-01 07:42:00,2026-09-28 19:57:16.601551,mock_provider
TX000664,P0088,win,343.16,NAD,completed,2026-09-01 07:42:00,2026-09-28 19:57:16.601551,mock_provider
TX000665,P0039,bet,988.78,NAD,completed,2026-09-01 07:42:00,2026-09-28 19:57:16.601551,mock_provider
TX000666,P0022,win,555.54,NAD,completed,2026-09-01 07:42:00,2026-09-28 19:57:16.601551,mock_provider
TX000667,P0062,deposit,725.44,NAD,reversed,2026-09-04 00:00:00,2026-09-28 19:57:20.088707,mock_provider
TX000668,P0093,win,1189.64,NAD,completed,2026-09-01 07:42:00,2026-09-28 19:57:16.601551,mock_provider
TX000669,P0059,deposit,275.30,NAD,completed,2026-09-01 07:42:00,2026-09-28 19:57:16.601551,mock_provider
TX000670,P0051,bet,1684.02,NAD,pending,2026-09-01 07:49:00,2026-09-28 19:57:16.601551,mock_provider
TX000671,P0103,bet,883.24,NAD,pending,2026-09-01 07:49:00,2026-09-28 19:57:16.601551,mock_provider
TX000672,P0105,withdrawal,604.37,NAD,failed,2026-09-01 07:49:00,2026-09-28 19:57:16.601551,mock_provider
TX000673,P0089,withdrawal,960.62,NAD,completed,2026-09-01 07:49:00,2026-09-28 19:57:16.601551,mock_provider
TX000674,P0051,bet,586.44,NAD,pending,2026-09-01 07:49:00,2026-09-28 19:57:16.601551,mock_provider
TX000675,P0074,withdrawal,655.14,NAD,completed,2026-09-01 07:49:00,2026-09-28 19:57:16.601551,mock_provider
TX000676,P0105,win,733.21,NAD,failed,2026-09-01 07:49:00,2026-09-28 19:57:16.601551,mock_provider
TX000677,P0026,withdrawal,1365.02,NAD,failed,2026-09-01 07:49:00,2026-09-28 19:57:16.601551,mock_provider
TX000678,P0004,win,1886.23,NAD,completed,2026-09-01 07:49:00,2026-09-28 19:57:16.601551,mock_provider
TX000679,P0057,bet,1663.41,NAD,completed,2026-09-01 07:49:00,2026-09-28 19:57:16.601551,mock_provider
TX000680,P0105,win,1347.59,NAD,completed,2026-09-01 07:56:00,2026-09-28 19:57:16.601551,mock_provider
TX000681,P0082,bet,487.83,NAD,completed,2026-09-01 07:56:00,2026-09-28 19:57:16.601551,mock_provider
TX000682,P0092,win,1579.21,NAD,completed,2026-09-01 07:56:00,2026-09-28 19:57:16.601551,mock_provider
TX000683,P0058,win,1166.58,NAD,failed,2026-09-01 07:56:00,2026-09-28 19:57:16.601551,mock_provider
TX000684,P0065,win,1089.57,NAD,completed,2026-09-01 07:56:00,2026-09-28 19:57:16.601551,mock_provider
TX000685,P0090,deposit,223.19,NAD,completed,2026-09-01 07:56:00,2026-09-28 19:57:16.601551,mock_provider
TX000686,P0085,bet,336.85,NAD,failed,2026-09-01 07:56:00,2026-09-28 19:57:16.601551,mock_provider
TX000687,P0006,win,1933.79,NAD,completed,2026-09-01 07:56:00,2026-09-28 19:57:16.601551,mock_provider
TX000688,P0102,win,216.36,NAD,completed,2026-09-01 07:56:00,2026-09-28 19:57:16.601551,mock_provider
TX000689,P0034,withdrawal,1023.80,NAD,failed,2026-09-01 07:56:00,2026-09-28 19:57:16.601551,mock_provider
TX000690,P0072,withdrawal,894.33,NAD,pending,2026-09-01 08:03:00,2026-09-28 19:57:16.601551,mock_provider
TX000691,P0060,withdrawal,693.21,NAD,completed,2026-09-01 08:03:00,2026-09-28 19:57:16.601551,mock_provider
TX000692,P0062,deposit,594.39,NAD,completed,2026-09-01 08:03:00,2026-09-28 19:57:16.601551,mock_provider
TX000693,P0015,withdrawal,699.92,NAD,completed,2026-09-01 08:03:00,2026-09-28 19:57:16.601551,mock_provider
TX000694,P0059,withdrawal,1044.62,NAD,completed,2026-09-01 08:03:00,2026-09-28 19:57:16.601551,mock_provider
TX000695,P0061,deposit,879.14,NAD,pending,2026-09-01 08:03:00,2026-09-28 19:57:16.601551,mock_provider
TX000696,P0041,deposit,604.03,NAD,completed,2026-09-01 08:03:00,2026-09-28 19:57:16.601551,mock_provider
TX000697,P0003,bet,1297.70,NAD,completed,2026-09-01 08:03:00,2026-09-28 19:57:16.601551,mock_provider
TX000698,P0120,withdrawal,1034.41,NAD,failed,2026-09-01 08:03:00,2026-09-28 19:57:16.601551,mock_provider
TX000699,P0021,bet,1121.90,NAD,pending,2026-09-01 08:03:00,2026-09-28 19:57:16.601551,mock_provider
TX000700,P0030,win,1261.37,NAD,completed,2026-09-01 08:10:00,2026-09-28 19:57:16.601551,mock_provider
TX000701,P0082,win,794.19,NAD,failed,2026-09-01 08:10:00,2026-09-28 19:57:16.601551,mock_provider
TX000702,P0114,withdrawal,901.90,NAD,pending,2026-09-01 08:10:00,2026-09-28 19:57:16.601551,mock_provider
TX000703,P0050,deposit,1410.95,NAD,completed,2026-09-01 08:10:00,2026-09-28 19:57:16.601551,mock_provider
TX000704,P0036,deposit,1156.81,NAD,failed,2026-09-01 08:10:00,2026-09-28 19:57:16.601551,mock_provider
TX000705,P0024,bet,655.34,NAD,pending,2026-09-01 08:10:00,2026-09-28 19:57:16.601551,mock_provider
TX000706,P0015,bet,1343.05,NAD,pending,2026-09-01 08:10:00,2026-09-28 19:57:16.601551,mock_provider
TX000707,P0068,bet,1195.96,NAD,failed,2026-09-01 08:10:00,2026-09-28 19:57:16.601551,mock_provider
TX000708,P0051,deposit,699.11,NAD,pending,2026-09-01 08:10:00,2026-09-28 19:57:16.601551,mock_provider
TX000709,P0080,withdrawal,1628.41,NAD,completed,2026-09-01 08:10:00,2026-09-28 19:57:16.601551,mock_provider
TX000710,P0118,deposit,1345.86,NAD,completed,2026-09-01 08:17:00,2026-09-28 19:57:16.601551,mock_provider
TX000711,P0016,withdrawal,614.23,NAD,completed,2026-09-01 08:17:00,2026-09-28 19:57:16.601551,mock_provider
TX000712,P0048,withdrawal,1024.10,NAD,pending,2026-09-01 08:17:00,2026-09-28 19:57:16.601551,mock_provider
TX000713,P0077,withdrawal,1151.74,NAD,pending,2026-09-01 08:17:00,2026-09-28 19:57:16.601551,mock_provider
TX000714,P0024,win,1272.83,NAD,completed,2026-09-01 08:17:00,2026-09-28 19:57:16.601551,mock_provider
TX000715,P0072,withdrawal,981.84,NAD,completed,2026-09-01 08:17:00,2026-09-28 19:57:16.601551,mock_provider
TX000716,P0024,bet,1684.76,NAD,failed,2026-09-01 08:17:00,2026-09-28 19:57:16.601551,mock_provider
TX000717,P0007,bet,1903.92,NAD,pending,2026-09-01 08:17:00,2026-09-28 19:57:16.601551,mock_provider
TX000718,P0018,withdrawal,1631.36,NAD,failed,2026-09-01 08:17:00,2026-09-28 19:57:16.601551,mock_provider
TX000719,P0065,win,821.22,NAD,pending,2026-09-01 08:17:00,2026-09-28 19:57:16.601551,mock_provider
TX000720,P0054,win,979.96,NAD,completed,2026-09-01 08:24:00,2026-09-28 19:57:16.601551,mock_provider
TX000721,P0073,deposit,1592.78,NAD,completed,2026-09-01 08:24:00,2026-09-28 19:57:16.601551,mock_provider
TX000722,P0038,deposit,553.33,NAD,failed,2026-09-01 08:24:00,2026-09-28 19:57:16.601551,mock_provider
TX000723,P0037,withdrawal,1562.58,NAD,failed,2026-09-01 08:24:00,2026-09-28 19:57:16.601551,mock_provider
TX000724,P0096,win,1101.70,NAD,completed,2026-09-01 08:24:00,2026-09-28 19:57:16.601551,mock_provider
TX000725,P0074,deposit,539.44,NAD,failed,2026-09-01 08:24:00,2026-09-28 19:57:16.601551,mock_provider
TX000726,P0106,bet,1086.38,NAD,completed,2026-09-01 08:24:00,2026-09-28 19:57:16.601551,mock_provider
TX000727,P0098,win,1094.97,NAD,pending,2026-09-01 08:24:00,2026-09-28 19:57:16.601551,mock_provider
TX000728,P0014,withdrawal,598.93,NAD,completed,2026-09-01 08:24:00,2026-09-28 19:57:16.601551,mock_provider
TX000729,P0058,bet,700.41,NAD,completed,2026-09-01 08:24:00,2026-09-28 19:57:16.601551,mock_provider
TX000730,P0057,deposit,1552.39,NAD,completed,2026-09-01 08:31:00,2026-09-28 19:57:16.601551,mock_provider
TX000731,P0027,bet,1722.79,NAD,failed,2026-09-01 08:31:00,2026-09-28 19:57:16.601551,mock_provider
TX000732,P0081,win,336.13,NAD,completed,2026-09-01 08:31:00,2026-09-28 19:57:16.601551,mock_provider
TX000733,P0101,withdrawal,1627.99,NAD,completed,2026-09-01 08:31:00,2026-09-28 19:57:16.601551,mock_provider
TX000734,P0073,bet,1066.90,NAD,failed,2026-09-01 08:31:00,2026-09-28 19:57:16.601551,mock_provider
TX000735,P0069,withdrawal,650.69,NAD,completed,2026-09-01 08:31:00,2026-09-28 19:57:16.601551,mock_provider
TX000736,P0038,bet,1905.03,NAD,failed,2026-09-01 08:31:00,2026-09-28 19:57:16.601551,mock_provider
TX000737,P0116,deposit,275.50,NAD,pending,2026-09-01 08:31:00,2026-09-28 19:57:16.601551,mock_provider
TX000738,P0118,deposit,1985.01,NAD,completed,2026-09-01 08:31:00,2026-09-28 19:57:16.601551,mock_provider
TX000739,P0090,withdrawal,503.11,NAD,completed,2026-09-01 08:31:00,2026-09-28 19:57:16.601551,mock_provider
TX000740,P0107,withdrawal,1524.14,NAD,pending,2026-09-01 08:38:00,2026-09-28 19:57:16.601551,mock_provider
TX000741,P0063,withdrawal,1156.96,NAD,completed,2026-09-01 08:38:00,2026-09-28 19:57:16.601551,mock_provider
TX000742,P0081,win,753.47,NAD,completed,2026-09-01 08:38:00,2026-09-28 19:57:16.601551,mock_provider
TX000743,P0082,deposit,808.69,NAD,completed,2026-09-01 08:38:00,2026-09-28 19:57:16.601551,mock_provider
TX000744,P0089,bet,912.12,NAD,pending,2026-09-01 08:38:00,2026-09-28 19:57:16.601551,mock_provider
TX000745,P0042,deposit,1738.47,NAD,completed,2026-09-01 08:38:00,2026-09-28 19:57:16.601551,mock_provider
TX000746,P0094,win,1271.51,NAD,completed,2026-09-01 08:38:00,2026-09-28 19:57:16.601551,mock_provider
TX000747,P0109,deposit,1592.38,NAD,pending,2026-09-01 08:38:00,2026-09-28 19:57:16.601551,mock_provider
TX000748,P0028,win,1650.57,NAD,pending,2026-09-01 08:38:00,2026-09-28 19:57:16.601551,mock_provider
TX000749,P0035,bet,1657.55,NAD,completed,2026-09-01 08:38:00,2026-09-28 19:57:16.601551,mock_provider
TX000750,P0071,withdrawal,1134.45,NAD,pending,2026-09-01 08:45:00,2026-09-28 19:57:16.601551,mock_provider
TX000751,P0101,bet,1788.84,NAD,completed,2026-09-01 08:45:00,2026-09-28 19:57:16.601551,mock_provider
TX000752,P0006,deposit,1254.23,NAD,pending,2026-09-01 08:45:00,2026-09-28 19:57:16.601551,mock_provider
TX000753,P0003,deposit,1859.22,NAD,completed,2026-09-01 08:45:00,2026-09-28 19:57:16.601551,mock_provider
TX000754,P0057,win,6.35,NAD,pending,2026-09-01 08:45:00,2026-09-28 19:57:16.601551,mock_provider
TX000755,P0026,withdrawal,1764.88,NAD,completed,2026-09-01 08:45:00,2026-09-28 19:57:16.601551,mock_provider
TX000756,P0021,bet,191.21,NAD,completed,2026-09-01 08:45:00,2026-09-28 19:57:16.601551,mock_provider
TX000757,P0033,deposit,746.83,NAD,completed,2026-09-01 08:45:00,2026-09-28 19:57:16.601551,mock_provider
TX000758,P0007,win,1253.08,NAD,completed,2026-09-01 08:45:00,2026-09-28 19:57:16.601551,mock_provider
TX000759,P0055,deposit,1408.88,NAD,completed,2026-09-01 08:45:00,2026-09-28 19:57:16.601551,mock_provider
TX000760,P0028,win,160.49,NAD,failed,2026-09-01 08:52:00,2026-09-28 19:57:16.601551,mock_provider
TX000761,P0029,win,23.53,NAD,completed,2026-09-01 08:52:00,2026-09-28 19:57:16.601551,mock_provider
TX000762,P0105,deposit,1976.37,NAD,pending,2026-09-01 08:52:00,2026-09-28 19:57:16.601551,mock_provider
TX000763,P0089,withdrawal,958.01,NAD,completed,2026-09-01 08:52:00,2026-09-28 19:57:16.601551,mock_provider
TX000764,P0050,deposit,1462.87,NAD,completed,2026-09-01 08:52:00,2026-09-28 19:57:16.601551,mock_provider
TX000765,P0014,bet,738.29,NAD,completed,2026-09-01 08:52:00,2026-09-28 19:57:16.601551,mock_provider
TX000766,P0018,win,1548.05,NAD,completed,2026-09-01 08:52:00,2026-09-28 19:57:16.601551,mock_provider
TX000767,P0083,withdrawal,141.48,NAD,failed,2026-09-01 08:52:00,2026-09-28 19:57:16.601551,mock_provider
TX000768,P0002,withdrawal,883.00,NAD,completed,2026-09-01 08:52:00,2026-09-28 19:57:16.601551,mock_provider
TX000769,P0081,withdrawal,1840.19,NAD,failed,2026-09-01 08:52:00,2026-09-28 19:57:16.601551,mock_provider
TX000770,P0088,win,1720.63,NAD,completed,2026-09-01 08:59:00,2026-09-28 19:57:16.601551,mock_provider
TX000771,P0115,deposit,284.33,NAD,completed,2026-09-01 08:59:00,2026-09-28 19:57:16.601551,mock_provider
TX000772,P0076,win,706.31,NAD,pending,2026-09-01 08:59:00,2026-09-28 19:57:16.601551,mock_provider
TX000773,P0041,withdrawal,499.33,NAD,completed,2026-09-01 08:59:00,2026-09-28 19:57:16.601551,mock_provider
TX000774,P0032,bet,1559.04,NAD,completed,2026-09-01 08:59:00,2026-09-28 19:57:16.601551,mock_provider
TX000775,P0109,bet,414.86,NAD,failed,2026-09-01 08:59:00,2026-09-28 19:57:16.601551,mock_provider
TX000776,P0066,withdrawal,1496.95,NAD,completed,2026-09-01 08:59:00,2026-09-28 19:57:16.601551,mock_provider
TX000778,P0064,win,229.92,NAD,pending,2026-09-01 08:59:00,2026-09-28 19:57:16.601551,mock_provider
TX000779,P0082,deposit,1058.93,NAD,completed,2026-09-01 08:59:00,2026-09-28 19:57:16.601551,mock_provider
TX000780,P0047,bet,268.31,NAD,failed,2026-09-01 09:06:00,2026-09-28 19:57:16.601551,mock_provider
TX000781,P0054,bet,1094.98,NAD,completed,2026-09-01 09:06:00,2026-09-28 19:57:16.601551,mock_provider
TX000782,P0098,win,1909.13,NAD,completed,2026-09-01 09:06:00,2026-09-28 19:57:16.601551,mock_provider
TX000783,P0003,deposit,32.52,NAD,completed,2026-09-01 09:06:00,2026-09-28 19:57:16.601551,mock_provider
TX000784,P0006,deposit,1897.62,NAD,pending,2026-09-01 09:06:00,2026-09-28 19:57:16.601551,mock_provider
TX000785,P0065,bet,1259.00,NAD,failed,2026-09-01 09:06:00,2026-09-28 19:57:16.601551,mock_provider
TX000786,P0099,win,850.03,NAD,pending,2026-09-01 09:06:00,2026-09-28 19:57:16.601551,mock_provider
TX000787,P0011,withdrawal,558.55,NAD,completed,2026-09-01 09:06:00,2026-09-28 19:57:16.601551,mock_provider
TX000788,P0011,withdrawal,1948.76,NAD,completed,2026-09-01 09:06:00,2026-09-28 19:57:16.601551,mock_provider
TX000789,P0069,bet,784.51,NAD,completed,2026-09-01 09:06:00,2026-09-28 19:57:16.601551,mock_provider
TX000790,P0040,win,1461.27,NAD,completed,2026-09-01 09:13:00,2026-09-28 19:57:16.601551,mock_provider
TX000791,P0008,withdrawal,176.99,NAD,pending,2026-09-01 09:13:00,2026-09-28 19:57:16.601551,mock_provider
TX000792,P0015,win,1226.53,NAD,completed,2026-09-01 09:13:00,2026-09-28 19:57:16.601551,mock_provider
TX000793,P0040,withdrawal,243.29,NAD,completed,2026-09-01 09:13:00,2026-09-28 19:57:16.601551,mock_provider
TX000794,P0090,deposit,331.85,NAD,completed,2026-09-01 09:13:00,2026-09-28 19:57:16.601551,mock_provider
TX000795,P0067,bet,338.09,NAD,completed,2026-09-01 09:13:00,2026-09-28 19:57:16.601551,mock_provider
TX000796,P0096,bet,1467.21,NAD,completed,2026-09-01 09:13:00,2026-09-28 19:57:16.601551,mock_provider
TX000797,P0099,deposit,673.35,NAD,pending,2026-09-01 09:13:00,2026-09-28 19:57:16.601551,mock_provider
TX000798,P0035,deposit,529.58,NAD,failed,2026-09-01 09:13:00,2026-09-28 19:57:16.601551,mock_provider
TX000799,P0081,deposit,994.81,NAD,failed,2026-09-01 09:13:00,2026-09-28 19:57:16.601551,mock_provider
TX000800,P0047,deposit,1001.72,NAD,failed,2026-09-01 09:20:00,2026-09-28 19:57:16.601551,mock_provider
TX000801,P0022,bet,318.83,NAD,completed,2026-09-01 09:20:00,2026-09-28 19:57:16.601551,mock_provider
TX000802,P0115,deposit,460.67,NAD,failed,2026-09-01 09:20:00,2026-09-28 19:57:16.601551,mock_provider
TX000803,P0001,deposit,1718.08,NAD,completed,2026-09-01 09:20:00,2026-09-28 19:57:16.601551,mock_provider
TX000804,P0032,deposit,946.17,NAD,pending,2026-09-01 09:20:00,2026-09-28 19:57:16.601551,mock_provider
TX000805,P0118,withdrawal,362.03,NAD,completed,2026-09-01 09:20:00,2026-09-28 19:57:16.601551,mock_provider
TX000806,P0071,win,452.91,NAD,completed,2026-09-01 09:20:00,2026-09-28 19:57:16.601551,mock_provider
TX000807,P0054,bet,546.16,NAD,completed,2026-09-01 09:20:00,2026-09-28 19:57:16.601551,mock_provider
TX000808,P0074,bet,243.20,NAD,completed,2026-09-01 09:20:00,2026-09-28 19:57:16.601551,mock_provider
TX000809,P0023,withdrawal,1609.65,NAD,completed,2026-09-01 09:20:00,2026-09-28 19:57:16.601551,mock_provider
TX000810,P0052,deposit,1754.60,NAD,completed,2026-09-01 09:27:00,2026-09-28 19:57:16.601551,mock_provider
TX000811,P0100,bet,657.97,NAD,failed,2026-09-01 09:27:00,2026-09-28 19:57:16.601551,mock_provider
TX000812,P0059,deposit,740.99,NAD,completed,2026-09-01 09:27:00,2026-09-28 19:57:16.601551,mock_provider
TX000813,P0073,bet,1480.45,NAD,completed,2026-09-01 09:27:00,2026-09-28 19:57:16.601551,mock_provider
TX000814,P0060,bet,1185.42,NAD,pending,2026-09-01 09:27:00,2026-09-28 19:57:16.601551,mock_provider
TX000815,P0099,withdrawal,1466.26,NAD,failed,2026-09-01 09:27:00,2026-09-28 19:57:16.601551,mock_provider
TX000816,P0098,withdrawal,305.38,NAD,pending,2026-09-01 09:27:00,2026-09-28 19:57:16.601551,mock_provider
TX000817,P0004,withdrawal,1085.38,NAD,completed,2026-09-01 09:27:00,2026-09-28 19:57:16.601551,mock_provider
TX000818,P0043,deposit,1519.06,NAD,pending,2026-09-01 09:27:00,2026-09-28 19:57:16.601551,mock_provider
TX000819,P0109,bet,212.38,NAD,failed,2026-09-01 09:27:00,2026-09-28 19:57:16.601551,mock_provider
TX000820,P0031,win,986.60,NAD,completed,2026-09-01 09:34:00,2026-09-28 19:57:16.601551,mock_provider
TX000821,P0019,bet,190.59,NAD,completed,2026-09-01 09:34:00,2026-09-28 19:57:16.601551,mock_provider
TX000822,P0115,win,1403.19,NAD,completed,2026-09-01 09:34:00,2026-09-28 19:57:16.601551,mock_provider
TX000823,P0059,deposit,1163.64,NAD,failed,2026-09-01 09:34:00,2026-09-28 19:57:16.601551,mock_provider
TX000824,P0018,win,154.29,NAD,failed,2026-09-01 09:34:00,2026-09-28 19:57:16.601551,mock_provider
TX000825,P0008,win,1326.58,NAD,completed,2026-09-01 09:34:00,2026-09-28 19:57:16.601551,mock_provider
TX000826,P0031,bet,525.68,NAD,completed,2026-09-01 09:34:00,2026-09-28 19:57:16.601551,mock_provider
TX000827,P0119,win,1402.95,NAD,completed,2026-09-01 09:34:00,2026-09-28 19:57:16.601551,mock_provider
TX000828,P0041,win,547.55,NAD,completed,2026-09-01 09:34:00,2026-09-28 19:57:16.601551,mock_provider
TX000829,P0026,withdrawal,1560.97,NAD,failed,2026-09-01 09:34:00,2026-09-28 19:57:16.601551,mock_provider
TX000830,P0014,withdrawal,215.79,NAD,pending,2026-09-01 09:41:00,2026-09-28 19:57:16.601551,mock_provider
TX000831,P0060,bet,815.99,NAD,failed,2026-09-01 09:41:00,2026-09-28 19:57:16.601551,mock_provider
TX000832,P0046,withdrawal,906.57,NAD,pending,2026-09-01 09:41:00,2026-09-28 19:57:16.601551,mock_provider
TX000833,P0034,deposit,185.39,NAD,completed,2026-09-01 09:41:00,2026-09-28 19:57:16.601551,mock_provider
TX000834,P0106,deposit,433.97,NAD,completed,2026-09-01 09:41:00,2026-09-28 19:57:16.601551,mock_provider
TX000835,P0019,deposit,1423.76,NAD,completed,2026-09-01 09:41:00,2026-09-28 19:57:16.601551,mock_provider
TX000836,P0051,deposit,1355.98,NAD,completed,2026-09-01 09:41:00,2026-09-28 19:57:16.601551,mock_provider
TX000837,P0105,withdrawal,67.01,NAD,pending,2026-09-01 09:41:00,2026-09-28 19:57:16.601551,mock_provider
TX000838,P0110,win,1114.13,NAD,failed,2026-09-01 09:41:00,2026-09-28 19:57:16.601551,mock_provider
TX000839,P0032,deposit,926.78,NAD,completed,2026-09-01 09:41:00,2026-09-28 19:57:16.601551,mock_provider
TX000840,P0016,deposit,128.03,NAD,completed,2026-09-01 09:48:00,2026-09-28 19:57:16.601551,mock_provider
TX000841,P0017,withdrawal,1648.23,NAD,failed,2026-09-04 00:01:00,2026-09-28 19:57:20.088707,mock_provider
TX000842,P0088,deposit,1166.74,NAD,completed,2026-09-01 09:48:00,2026-09-28 19:57:16.601551,mock_provider
TX000843,P0118,deposit,48.49,NAD,completed,2026-09-01 09:48:00,2026-09-28 19:57:16.601551,mock_provider
TX000844,P0026,win,1619.55,NAD,completed,2026-09-01 09:48:00,2026-09-28 19:57:16.601551,mock_provider
TX000845,P0116,bet,249.44,NAD,pending,2026-09-01 09:48:00,2026-09-28 19:57:16.601551,mock_provider
TX000846,P0007,withdrawal,1848.64,NAD,pending,2026-09-01 09:48:00,2026-09-28 19:57:16.601551,mock_provider
TX000847,P0106,win,994.77,NAD,failed,2026-09-04 00:06:00,2026-09-28 19:57:20.088707,mock_provider
TX000848,P0088,win,349.75,NAD,completed,2026-09-01 09:48:00,2026-09-28 19:57:16.601551,mock_provider
TX000849,P0117,withdrawal,553.59,NAD,pending,2026-09-01 09:48:00,2026-09-28 19:57:16.601551,mock_provider
TX000850,P0114,withdrawal,74.13,NAD,failed,2026-09-01 09:55:00,2026-09-28 19:57:16.613149,mock_provider
TX000851,P0079,withdrawal,1296.32,NAD,pending,2026-09-01 09:55:00,2026-09-28 19:57:16.613149,mock_provider
TX000852,P0053,win,126.65,NAD,completed,2026-09-01 09:55:00,2026-09-28 19:57:16.613149,mock_provider
TX000853,P0050,withdrawal,841.37,NAD,failed,2026-09-01 09:55:00,2026-09-28 19:57:16.613149,mock_provider
TX000854,P0032,deposit,1978.86,NAD,completed,2026-09-01 09:55:00,2026-09-28 19:57:16.613149,mock_provider
TX000855,P0062,win,691.35,NAD,failed,2026-09-01 09:55:00,2026-09-28 19:57:16.613149,mock_provider
TX000856,P0065,bet,779.82,NAD,completed,2026-09-01 09:55:00,2026-09-28 19:57:16.613149,mock_provider
TX000857,P0004,bet,1196.25,NAD,completed,2026-09-01 09:55:00,2026-09-28 19:57:16.613149,mock_provider
TX000858,P0115,bet,121.89,NAD,pending,2026-09-01 09:55:00,2026-09-28 19:57:16.613149,mock_provider
TX000859,P0068,bet,1534.85,NAD,completed,2026-09-01 09:55:00,2026-09-28 19:57:16.613149,mock_provider
TX000860,P0021,deposit,499.47,NAD,completed,2026-09-01 10:02:00,2026-09-28 19:57:16.613149,mock_provider
TX000861,P0035,deposit,1529.28,NAD,completed,2026-09-01 10:02:00,2026-09-28 19:57:16.613149,mock_provider
TX000862,P0074,win,712.84,NAD,completed,2026-09-01 10:02:00,2026-09-28 19:57:16.613149,mock_provider
TX000863,P0023,withdrawal,1187.08,NAD,completed,2026-09-01 10:02:00,2026-09-28 19:57:16.613149,mock_provider
TX000864,P0117,deposit,1408.39,NAD,completed,2026-09-01 10:02:00,2026-09-28 19:57:16.613149,mock_provider
TX000865,P0073,withdrawal,1128.40,NAD,completed,2026-09-01 10:02:00,2026-09-28 19:57:16.613149,mock_provider
TX000866,P0108,win,1086.54,NAD,completed,2026-09-01 10:02:00,2026-09-28 19:57:16.613149,mock_provider
TX000867,P0063,deposit,185.06,NAD,completed,2026-09-01 10:02:00,2026-09-28 19:57:16.613149,mock_provider
TX000868,P0078,withdrawal,44.76,NAD,pending,2026-09-01 10:02:00,2026-09-28 19:57:16.613149,mock_provider
TX000869,P0001,bet,1836.20,NAD,completed,2026-09-01 10:02:00,2026-09-28 19:57:16.613149,mock_provider
TX000870,P0104,withdrawal,684.81,NAD,completed,2026-09-01 10:09:00,2026-09-28 19:57:16.613149,mock_provider
TX000871,P0118,bet,123.81,NAD,completed,2026-09-01 10:09:00,2026-09-28 19:57:16.613149,mock_provider
TX000872,P0076,withdrawal,1549.86,NAD,failed,2026-09-01 10:09:00,2026-09-28 19:57:16.613149,mock_provider
TX000873,P0111,bet,1921.31,NAD,completed,2026-09-01 10:09:00,2026-09-28 19:57:16.613149,mock_provider
TX000874,P0091,win,1174.10,NAD,completed,2026-09-01 10:09:00,2026-09-28 19:57:16.613149,mock_provider
TX000875,P0039,bet,277.22,NAD,completed,2026-09-01 10:09:00,2026-09-28 19:57:16.613149,mock_provider
TX000876,P0094,win,1584.73,NAD,pending,2026-09-01 10:09:00,2026-09-28 19:57:16.613149,mock_provider
TX000877,P0084,bet,352.53,NAD,failed,2026-09-01 10:09:00,2026-09-28 19:57:16.613149,mock_provider
TX000878,P0089,bet,450.36,NAD,failed,2026-09-01 10:09:00,2026-09-28 19:57:16.613149,mock_provider
TX000879,P0105,withdrawal,759.88,NAD,completed,2026-09-01 10:09:00,2026-09-28 19:57:16.613149,mock_provider
TX000880,P0017,withdrawal,1459.02,NAD,completed,2026-09-04 00:09:00,2026-09-28 19:57:20.088707,mock_provider
TX000881,P0051,deposit,368.25,NAD,completed,2026-09-01 10:16:00,2026-09-28 19:57:16.613149,mock_provider
TX000882,P0118,withdrawal,1281.10,NAD,completed,2026-09-01 10:16:00,2026-09-28 19:57:16.613149,mock_provider
TX000883,P0120,win,285.58,NAD,completed,2026-09-01 10:16:00,2026-09-28 19:57:16.613149,mock_provider
TX000884,P0031,bet,1964.85,NAD,completed,2026-09-01 10:16:00,2026-09-28 19:57:16.613149,mock_provider
TX000885,P0082,deposit,1644.22,NAD,completed,2026-09-01 10:16:00,2026-09-28 19:57:16.613149,mock_provider
TX000886,P0058,deposit,534.10,NAD,completed,2026-09-01 10:16:00,2026-09-28 19:57:16.613149,mock_provider
TX000887,P0089,deposit,704.21,NAD,completed,2026-09-01 10:16:00,2026-09-28 19:57:16.613149,mock_provider
TX000888,P0093,deposit,101.05,NAD,pending,2026-09-01 10:16:00,2026-09-28 19:57:16.613149,mock_provider
TX000889,P0094,win,1938.36,NAD,pending,2026-09-01 10:16:00,2026-09-28 19:57:16.613149,mock_provider
TX000890,P0064,win,705.71,NAD,pending,2026-09-01 10:23:00,2026-09-28 19:57:16.613149,mock_provider
TX000891,P0013,win,1578.52,NAD,failed,2026-09-01 10:23:00,2026-09-28 19:57:16.613149,mock_provider
TX000892,P0084,withdrawal,329.50,NAD,completed,2026-09-01 10:23:00,2026-09-28 19:57:16.613149,mock_provider
TX000893,P0103,deposit,593.34,NAD,completed,2026-09-01 10:23:00,2026-09-28 19:57:16.613149,mock_provider
TX000894,P0034,deposit,153.03,NAD,completed,2026-09-01 10:23:00,2026-09-28 19:57:16.613149,mock_provider
TX000895,P0114,win,326.00,NAD,completed,2026-09-01 10:23:00,2026-09-28 19:57:16.613149,mock_provider
TX000896,P0071,deposit,679.21,NAD,failed,2026-09-01 10:23:00,2026-09-28 19:57:16.613149,mock_provider
TX000897,P0115,win,1410.49,NAD,pending,2026-09-01 10:23:00,2026-09-28 19:57:16.613149,mock_provider
TX000898,P0084,withdrawal,1216.60,NAD,pending,2026-09-01 10:23:00,2026-09-28 19:57:16.613149,mock_provider
TX000899,P0021,deposit,207.01,NAD,completed,2026-09-01 10:23:00,2026-09-28 19:57:16.613149,mock_provider
TX000900,P0025,win,1395.91,NAD,failed,2026-09-01 10:30:00,2026-09-28 19:57:16.613149,mock_provider
TX000901,P0034,bet,598.31,NAD,completed,2026-09-01 10:30:00,2026-09-28 19:57:16.613149,mock_provider
TX000902,P0007,win,1145.68,NAD,pending,2026-09-01 10:30:00,2026-09-28 19:57:16.613149,mock_provider
TX000903,P0020,deposit,724.85,NAD,pending,2026-09-01 10:30:00,2026-09-28 19:57:16.613149,mock_provider
TX000904,P0012,bet,1648.68,NAD,failed,2026-09-01 10:30:00,2026-09-28 19:57:16.613149,mock_provider
TX000905,P0062,withdrawal,198.49,NAD,completed,2026-09-01 10:30:00,2026-09-28 19:57:16.613149,mock_provider
TX000906,P0022,bet,1954.23,NAD,pending,2026-09-01 10:30:00,2026-09-28 19:57:16.613149,mock_provider
TX000907,P0109,deposit,620.17,NAD,pending,2026-09-01 10:30:00,2026-09-28 19:57:16.613149,mock_provider
TX000908,P0061,win,1790.28,NAD,completed,2026-09-01 10:30:00,2026-09-28 19:57:16.613149,mock_provider
TX000909,P0012,win,373.84,NAD,pending,2026-09-01 10:30:00,2026-09-28 19:57:16.613149,mock_provider
TX000910,P0048,withdrawal,894.32,NAD,completed,2026-09-01 10:37:00,2026-09-28 19:57:16.613149,mock_provider
TX000911,P0057,win,530.48,NAD,completed,2026-09-01 10:37:00,2026-09-28 19:57:16.613149,mock_provider
TX000912,P0073,deposit,306.51,NAD,completed,2026-09-01 10:37:00,2026-09-28 19:57:16.613149,mock_provider
TX000913,P0011,bet,1617.32,NAD,pending,2026-09-01 10:37:00,2026-09-28 19:57:16.613149,mock_provider
TX000914,P0097,withdrawal,1109.44,NAD,pending,2026-09-01 10:37:00,2026-09-28 19:57:16.613149,mock_provider
TX000915,P0105,win,1931.43,NAD,pending,2026-09-01 10:37:00,2026-09-28 19:57:16.613149,mock_provider
TX000916,P0074,withdrawal,955.14,NAD,completed,2026-09-01 10:37:00,2026-09-28 19:57:16.613149,mock_provider
TX000917,P0051,deposit,1006.69,NAD,failed,2026-09-01 10:37:00,2026-09-28 19:57:16.613149,mock_provider
TX000918,P0103,withdrawal,244.96,NAD,pending,2026-09-01 10:37:00,2026-09-28 19:57:16.613149,mock_provider
TX000919,P0023,withdrawal,1944.47,NAD,completed,2026-09-01 10:37:00,2026-09-28 19:57:16.613149,mock_provider
TX000920,P0017,deposit,849.63,NAD,pending,2026-09-01 10:44:00,2026-09-28 19:57:16.613149,mock_provider
TX000921,P0026,withdrawal,1669.05,NAD,completed,2026-09-01 10:44:00,2026-09-28 19:57:16.613149,mock_provider
TX000922,P0041,deposit,178.62,NAD,failed,2026-09-01 10:44:00,2026-09-28 19:57:16.613149,mock_provider
TX000923,P0051,bet,1713.97,NAD,failed,2026-09-01 10:44:00,2026-09-28 19:57:16.613149,mock_provider
TX000924,P0059,deposit,1574.17,NAD,failed,2026-09-01 10:44:00,2026-09-28 19:57:16.613149,mock_provider
TX000925,P0076,win,229.48,NAD,completed,2026-09-01 10:44:00,2026-09-28 19:57:16.613149,mock_provider
TX000926,P0019,deposit,1850.23,NAD,failed,2026-09-01 10:44:00,2026-09-28 19:57:16.613149,mock_provider
TX000927,P0100,deposit,1572.56,NAD,failed,2026-09-01 10:44:00,2026-09-28 19:57:16.613149,mock_provider
TX000928,P0113,bet,1756.40,NAD,completed,2026-09-01 10:44:00,2026-09-28 19:57:16.613149,mock_provider
TX000929,P0050,win,1146.19,NAD,pending,2026-09-01 10:44:00,2026-09-28 19:57:16.613149,mock_provider
TX000930,P0005,withdrawal,554.45,NAD,completed,2026-09-01 10:51:00,2026-09-28 19:57:16.613149,mock_provider
TX000931,P0080,win,82.37,NAD,completed,2026-09-01 10:51:00,2026-09-28 19:57:16.613149,mock_provider
TX000932,P0089,withdrawal,103.34,NAD,pending,2026-09-01 10:51:00,2026-09-28 19:57:16.613149,mock_provider
TX000933,P0118,bet,1794.58,NAD,completed,2026-09-01 10:51:00,2026-09-28 19:57:16.613149,mock_provider
TX000934,P0044,bet,625.34,NAD,pending,2026-09-01 10:51:00,2026-09-28 19:57:16.613149,mock_provider
TX000935,P0110,deposit,1945.13,NAD,completed,2026-09-01 10:51:00,2026-09-28 19:57:16.613149,mock_provider
TX000936,P0018,bet,1948.57,NAD,pending,2026-09-01 10:51:00,2026-09-28 19:57:16.613149,mock_provider
TX000937,P0100,bet,542.49,NAD,pending,2026-09-01 10:51:00,2026-09-28 19:57:16.613149,mock_provider
TX000938,P0078,deposit,379.93,NAD,completed,2026-09-01 10:51:00,2026-09-28 19:57:16.613149,mock_provider
TX000939,P0117,win,1483.18,NAD,failed,2026-09-01 10:51:00,2026-09-28 19:57:16.613149,mock_provider
TX000940,P0112,bet,1642.93,NAD,failed,2026-09-01 10:58:00,2026-09-28 19:57:16.613149,mock_provider
TX000941,P0102,withdrawal,135.91,NAD,failed,2026-09-01 10:58:00,2026-09-28 19:57:16.613149,mock_provider
TX000942,P0052,withdrawal,1562.13,NAD,failed,2026-09-01 10:58:00,2026-09-28 19:57:16.613149,mock_provider
TX000943,P0113,deposit,351.61,NAD,completed,2026-09-01 10:58:00,2026-09-28 19:57:16.613149,mock_provider
TX000944,P0108,deposit,502.73,NAD,pending,2026-09-01 10:58:00,2026-09-28 19:57:16.613149,mock_provider
TX000945,P0007,bet,1410.74,NAD,completed,2026-09-01 10:58:00,2026-09-28 19:57:16.613149,mock_provider
TX000946,P0048,win,1012.73,NAD,completed,2026-09-01 10:58:00,2026-09-28 19:57:16.613149,mock_provider
TX000947,P0088,deposit,487.67,NAD,pending,2026-09-01 10:58:00,2026-09-28 19:57:16.613149,mock_provider
TX000948,P0077,win,359.28,NAD,pending,2026-09-01 10:58:00,2026-09-28 19:57:16.613149,mock_provider
TX000949,P0076,bet,691.78,NAD,completed,2026-09-01 10:58:00,2026-09-28 19:57:16.613149,mock_provider
TX000950,P0096,deposit,573.71,NAD,pending,2026-09-01 11:05:00,2026-09-28 19:57:16.613149,mock_provider
TX000951,P0007,withdrawal,1708.37,NAD,completed,2026-09-01 11:05:00,2026-09-28 19:57:16.613149,mock_provider
TX000952,P0110,withdrawal,1296.52,NAD,completed,2026-09-01 11:05:00,2026-09-28 19:57:16.613149,mock_provider
TX000953,P0035,win,1029.00,NAD,completed,2026-09-01 11:05:00,2026-09-28 19:57:16.613149,mock_provider
TX000954,P0061,withdrawal,1296.51,NAD,failed,2026-09-01 11:05:00,2026-09-28 19:57:16.613149,mock_provider
TX000955,P0103,deposit,451.42,NAD,failed,2026-09-01 11:05:00,2026-09-28 19:57:16.613149,mock_provider
TX000956,P0104,bet,1426.92,NAD,completed,2026-09-01 11:05:00,2026-09-28 19:57:16.613149,mock_provider
TX000957,P0055,win,1703.91,NAD,pending,2026-09-01 11:05:00,2026-09-28 19:57:16.613149,mock_provider
TX000958,P0033,withdrawal,936.06,NAD,failed,2026-09-01 11:05:00,2026-09-28 19:57:16.613149,mock_provider
TX000959,P0106,win,1171.05,NAD,completed,2026-09-01 11:05:00,2026-09-28 19:57:16.613149,mock_provider
TX000960,P0066,bet,1125.11,NAD,failed,2026-09-01 11:12:00,2026-09-28 19:57:16.613149,mock_provider
TX000961,P0078,bet,600.46,NAD,completed,2026-09-01 11:12:00,2026-09-28 19:57:16.613149,mock_provider
TX000962,P0062,deposit,675.89,NAD,completed,2026-09-01 11:12:00,2026-09-28 19:57:16.613149,mock_provider
TX000963,P0082,bet,1723.68,NAD,completed,2026-09-01 11:12:00,2026-09-28 19:57:16.613149,mock_provider
TX000964,P0084,bet,380.78,NAD,failed,2026-09-01 11:12:00,2026-09-28 19:57:16.613149,mock_provider
TX000965,P0098,withdrawal,1799.88,NAD,failed,2026-09-01 11:12:00,2026-09-28 19:57:16.613149,mock_provider
TX000966,P0052,bet,1363.11,NAD,completed,2026-09-01 11:12:00,2026-09-28 19:57:16.613149,mock_provider
TX000967,P0084,win,1994.95,NAD,completed,2026-09-01 11:12:00,2026-09-28 19:57:16.613149,mock_provider
TX000968,P0117,win,812.17,NAD,completed,2026-09-01 11:12:00,2026-09-28 19:57:16.613149,mock_provider
TX000969,P0075,withdrawal,689.62,NAD,completed,2026-09-01 11:12:00,2026-09-28 19:57:16.613149,mock_provider
TX000970,P0088,win,1813.52,NAD,completed,2026-09-01 11:19:00,2026-09-28 19:57:16.613149,mock_provider
TX000971,P0065,bet,1691.61,NAD,failed,2026-09-01 11:19:00,2026-09-28 19:57:16.613149,mock_provider
TX000972,P0024,bet,199.72,NAD,completed,2026-09-01 11:19:00,2026-09-28 19:57:16.613149,mock_provider
TX000973,P0095,bet,1451.75,NAD,failed,2026-09-01 11:19:00,2026-09-28 19:57:16.613149,mock_provider
TX000974,P0098,withdrawal,1894.11,NAD,completed,2026-09-01 11:19:00,2026-09-28 19:57:16.613149,mock_provider
TX000975,P0084,deposit,448.40,NAD,completed,2026-09-01 11:19:00,2026-09-28 19:57:16.613149,mock_provider
TX000976,P0096,bet,843.84,NAD,completed,2026-09-01 11:19:00,2026-09-28 19:57:16.613149,mock_provider
TX000977,P0048,bet,1173.21,NAD,pending,2026-09-01 11:19:00,2026-09-28 19:57:16.613149,mock_provider
TX000978,P0109,deposit,943.72,NAD,failed,2026-09-01 11:19:00,2026-09-28 19:57:16.613149,mock_provider
TX000979,P0075,deposit,947.08,NAD,completed,2026-09-01 11:19:00,2026-09-28 19:57:16.613149,mock_provider
TX000980,P0065,deposit,1735.66,NAD,pending,2026-09-01 11:26:00,2026-09-28 19:57:16.613149,mock_provider
TX000981,P0068,bet,829.15,NAD,completed,2026-09-01 11:26:00,2026-09-28 19:57:16.613149,mock_provider
TX000982,P0018,withdrawal,688.63,NAD,failed,2026-09-01 11:26:00,2026-09-28 19:57:16.613149,mock_provider
TX000983,P0115,win,290.73,NAD,completed,2026-09-01 11:26:00,2026-09-28 19:57:16.613149,mock_provider
TX000984,P0100,deposit,977.72,NAD,completed,2026-09-01 11:26:00,2026-09-28 19:57:16.613149,mock_provider
TX000985,P0041,deposit,14.40,NAD,completed,2026-09-01 11:26:00,2026-09-28 19:57:16.613149,mock_provider
TX000986,P0027,withdrawal,1154.68,NAD,completed,2026-09-01 11:26:00,2026-09-28 19:57:16.613149,mock_provider
TX000987,P0063,deposit,263.16,NAD,pending,2026-09-01 11:26:00,2026-09-28 19:57:16.613149,mock_provider
TX000988,P0082,win,809.77,NAD,pending,2026-09-01 11:26:00,2026-09-28 19:57:16.613149,mock_provider
TX000989,P0050,deposit,80.26,NAD,completed,2026-09-01 11:26:00,2026-09-28 19:57:16.613149,mock_provider
TX000990,P0094,bet,1900.39,NAD,completed,2026-09-01 11:33:00,2026-09-28 19:57:16.613149,mock_provider
TX000991,P0097,withdrawal,40.74,NAD,completed,2026-09-01 11:33:00,2026-09-28 19:57:16.613149,mock_provider
TX000992,P0081,withdrawal,456.40,NAD,completed,2026-09-01 11:33:00,2026-09-28 19:57:16.613149,mock_provider
TX000993,P0040,withdrawal,209.90,NAD,failed,2026-09-01 11:33:00,2026-09-28 19:57:16.613149,mock_provider
TX000994,P0076,bet,338.21,NAD,completed,2026-09-01 11:33:00,2026-09-28 19:57:16.613149,mock_provider
TX000995,P0039,bet,914.57,NAD,failed,2026-09-01 11:33:00,2026-09-28 19:57:16.613149,mock_provider
TX000996,P0077,bet,870.16,NAD,completed,2026-09-01 11:33:00,2026-09-28 19:57:16.613149,mock_provider
TX000997,P0044,win,721.71,NAD,completed,2026-09-01 11:33:00,2026-09-28 19:57:16.613149,mock_provider
TX000998,P0022,win,43.15,NAD,completed,2026-09-01 11:33:00,2026-09-28 19:57:16.613149,mock_provider
TX000999,P0094,withdrawal,426.32,NAD,completed,2026-09-01 11:33:00,2026-09-28 19:57:16.613149,mock_provider
TX001000,P0076,withdrawal,250.71,NAD,completed,2026-09-01 11:40:00,2026-09-28 19:57:16.613149,mock_provider
TX001001,P0039,win,992.76,NAD,completed,2026-09-04 00:13:00,2026-09-28 19:57:20.088707,mock_provider
TX001002,P0044,win,900.42,NAD,completed,2026-09-04 00:14:00,2026-09-28 19:57:20.088707,mock_provider
TX001003,P0078,deposit,240.54,NAD,completed,2026-09-04 00:15:00,2026-09-28 19:57:20.088707,mock_provider
TX001004,P0054,deposit,1515.50,NAD,completed,2026-09-04 00:16:00,2026-09-28 19:57:20.088707,mock_provider
TX001005,P0020,bet,846.29,NAD,completed,2026-09-04 00:12:00,2026-09-28 19:57:20.088707,mock_provider
TX001006,P0086,deposit,1530.32,NAD,completed,2026-09-04 00:13:00,2026-09-28 19:57:20.088707,mock_provider
TX001007,P0074,bet,683.54,NAD,completed,2026-09-04 00:14:00,2026-09-28 19:57:20.088707,mock_provider
TX001008,P0045,win,995.87,NAD,completed,2026-09-04 00:15:00,2026-09-28 19:57:20.088707,mock_provider
TX001009,P0103,bet,142.18,NAD,completed,2026-09-04 00:16:00,2026-09-28 19:57:20.088707,mock_provider
TX001010,P0012,bet,950.83,NAD,completed,2026-09-04 00:12:00,2026-09-28 19:57:20.088707,mock_provider
TX001011,P0086,deposit,126.04,NAD,completed,2026-09-04 00:13:00,2026-09-28 19:57:20.088707,mock_provider
TX001012,P0090,bet,1296.02,NAD,completed,2026-09-04 00:14:00,2026-09-28 19:57:20.088707,mock_provider
TX001013,P0088,bet,572.77,NAD,completed,2026-09-04 00:15:00,2026-09-28 19:57:20.088707,mock_provider
TX001014,P0050,win,697.28,NAD,completed,2026-09-04 00:16:00,2026-09-28 19:57:20.088707,mock_provider
TX001015,P0060,bet,340.26,NAD,completed,2026-09-04 00:12:00,2026-09-28 19:57:20.088707,mock_provider
TX001016,P0015,bet,122.61,NAD,completed,2026-09-04 00:13:00,2026-09-28 19:57:20.088707,mock_provider
TX001017,P0099,bet,263.03,NAD,completed,2026-09-04 00:14:00,2026-09-28 19:57:20.088707,mock_provider
TX001018,P0032,bet,784.94,NAD,completed,2026-09-04 00:15:00,2026-09-28 19:57:20.088707,mock_provider
TX001019,P0112,bet,165.76,NAD,completed,2026-09-04 00:16:00,2026-09-28 19:57:20.088707,mock_provider
TX001020,P0058,bet,1101.13,NAD,completed,2026-09-04 00:12:00,2026-09-28 19:57:20.088707,mock_provider
TX001021,P0114,deposit,1639.46,NAD,completed,2026-09-04 00:13:00,2026-09-28 19:57:20.088707,mock_provider
TX001022,P0111,win,560.45,NAD,completed,2026-09-04 00:14:00,2026-09-28 19:57:20.088707,mock_provider
TX001023,P0054,bet,1367.03,NAD,completed,2026-09-04 00:15:00,2026-09-28 19:57:20.088707,mock_provider
TX001024,P0049,deposit,306.09,NAD,completed,2026-09-04 00:16:00,2026-09-28 19:57:20.088707,mock_provider
TX001025,P0023,deposit,467.75,NAD,completed,2026-09-04 00:12:00,2026-09-28 19:57:20.088707,mock_provider
